Crop,State,Season,Area_hectare,Rainfall_mm,Fertilizer_kg,Yield_ton
Maize,Rajasthan,Summer,2.97,420.8,104.1,11.3
Sugarcane,UP,Summer,14.49,1123.6,190.9,43.23
Sugarcane,Punjab,Kharif,7.54,854.9,87.6,20.14
Rice,Bihar,Kharif,1.37,492.2,127.1,3.03
Wheat,Maharashtra,Kharif,14.09,445.0,167.9,24.3
Cotton,Karnataka,Kharif,10.08,534.2,124.0,19.04
Rice,Rajasthan,Summer,2.09,858.1,123.1,8.91
Sugarcane,Bihar,Summer,5.48,1376.6,198.6,18.11
Cotton,UP,Kharif,11.64,426.0,97.2,37.62
Barley,Rajasthan,Kharif,1.33,1283.2,149.7,5.83
Soybean,UP,Rabi,2.75,1327.4,152.6,7.88
Sugarcane,Bihar,Summer,8.49,845.2,133.6,16.3
Rice,MP,Kharif,7.02,409.4,88.0,22.02
Wheat,Bihar,Summer,5.4,609.7,87.7,24.19
Soybean,Karnataka,Kharif,3.02,1061.2,81.7,11.69
Barley,Karnataka,Summer,14.09,1210.3,88.4,52.05
Rice,Maharashtra,Summer,2.2,509.5,60.8,8.49
Soybean,MP,Summer,13.03,726.7,111.4,25.92
Sugarcane,Karnataka,Kharif,1.51,735.1,189.3,2.86
Rice,MP,Summer,4.43,1352.0,179.7,14.61
Barley,Karnataka,Kharif,10.55,1350.3,164.8,27.85
Soybean,Maharashtra,Summer,10.7,1266.3,84.3,19.68
Soybean,UP,Summer,14.86,426.8,170.6,52.63
Barley,UP,Summer,11.99,586.6,117.2,31.94
Sugarcane,Maharashtra,Kharif,10.73,1246.5,73.4,39.33
Rice,MP,Summer,11.35,479.5,128.9,50.01
Barley,UP,Rabi,8.06,951.0,177.0,14.88
Wheat,Karnataka,Kharif,4.1,1199.3,170.4,15.01
Cotton,Bihar,Summer,13.89,1261.7,94.4,39.27
Maize,Karnataka,Rabi,8.05,1359.6,182.7,29.46
Maize,Maharashtra,Kharif,4.78,806.9,153.2,15.53
Sugarcane,Bihar,Summer,12.88,517.3,182.6,45.12
Sugarcane,Bihar,Rabi,2.99,489.8,81.3,9.33
Cotton,MP,Summer,1.14,1367.7,189.5,4.32
Wheat,MP,Rabi,7.76,1043.3,129.7,21.29
Wheat,MP,Rabi,6.06,1369.6,190.7,10.81
Cotton,Bihar,Kharif,13.51,485.4,179.7,21.85
Wheat,Rajasthan,Rabi,3.49,489.8,67.4,15.17
Maize,Bihar,Kharif,8.88,579.2,113.8,17.68
Maize,Punjab,Summer,7.8,1037.9,123.1,12.78
Maize,UP,Rabi,9.7,869.7,185.6,28.45
Cotton,Bihar,Summer,4.86,1341.6,115.4,21.24
Barley,Punjab,Kharif,4.74,1112.0,184.8,13.29
Soybean,UP,Kharif,5.17,644.6,61.1,14.56
Rice,Rajasthan,Rabi,2.16,1112.6,86.1,7.12
Cotton,Punjab,Kharif,2.09,480.2,124.4,4.14
Cotton,UP,Kharif,12.18,563.2,195.7,35.53
Wheat,Punjab,Rabi,10.42,953.8,111.7,17.8
Soybean,UP,Summer,9.9,879.8,169.2,16.84
Wheat,Rajasthan,Summer,5.4,689.4,142.1,13.28
Soybean,Bihar,Kharif,11.39,690.3,122.0,17.34
Maize,Rajasthan,Summer,3.55,1310.4,57.3,5.61
Wheat,Rajasthan,Kharif,13.56,836.1,154.6,51.01
Cotton,Punjab,Summer,3.28,1239.2,128.3,14.68
Barley,Rajasthan,Kharif,9.92,969.2,153.3,43.84
Sugarcane,Maharashtra,Rabi,12.03,540.4,141.9,27.61
Wheat,Bihar,Summer,8.62,1295.8,176.2,36.69
Sugarcane,UP,Rabi,11.16,1339.1,93.0,36.96
Maize,Punjab,Rabi,14.37,985.3,177.6,38.22
Soybean,Maharashtra,Summer,2.85,800.0,109.7,6.86
Cotton,Rajasthan,Kharif,9.94,850.7,188.5,33.23
Maize,Punjab,Kharif,10.16,787.3,54.0,32.99
Wheat,Bihar,Kharif,7.72,847.0,90.3,25.46
Sugarcane,Karnataka,Summer,6.94,1205.4,197.2,30.49
Wheat,MP,Summer,7.17,715.9,78.4,23.91
Rice,Karnataka,Rabi,2.5,817.9,144.2,10.34
Sugarcane,Punjab,Rabi,11.62,1277.6,186.1,35.58
Cotton,Rajasthan,Kharif,12.14,1276.9,115.5,44.46
Maize,Bihar,Summer,1.28,1336.9,186.3,3.47
Soybean,Bihar,Rabi,11.38,724.3,125.1,44.2
Soybean,Bihar,Rabi,8.6,1343.2,188.4,23.87
Soybean,MP,Kharif,8.55,1249.2,156.3,28.18
Cotton,Karnataka,Summer,2.17,866.1,194.3,9.37
Soybean,Rajasthan,Rabi,10.3,866.1,134.0,39.18
Cotton,UP,Rabi,2.64,1166.1,166.5,5.5
Cotton,Karnataka,Summer,13.79,1344.6,127.7,34.45
Cotton,MP,Summer,6.53,844.4,199.5,26.06
Rice,Punjab,Rabi,11.45,1231.5,146.6,47.92
Wheat,MP,Kharif,8.41,981.8,98.0,28.91
Soybean,MP,Summer,14.98,876.1,81.1,53.98
Cotton,Rajasthan,Summer,10.19,787.2,192.8,29.76
Barley,Bihar,Kharif,12.13,1364.5,65.9,42.6
Soybean,Bihar,Kharif,3.03,748.7,79.6,11.8
Cotton,Punjab,Summer,7.93,1371.9,81.0,27.72
Cotton,Karnataka,Rabi,3.82,933.6,195.7,8.43
Soybean,Karnataka,Rabi,1.84,766.9,119.0,6.56
Sugarcane,UP,Rabi,2.2,821.6,131.1,3.99
Barley,Rajasthan,Rabi,12.61,1302.7,85.2,22.99
Rice,Bihar,Kharif,14.62,895.0,160.5,32.11
Wheat,Punjab,Kharif,4.2,1013.4,147.9,18.06
Barley,MP,Rabi,1.56,1068.9,127.5,2.36
Maize,Rajasthan,Rabi,5.82,975.6,159.7,14.22
Rice,UP,Kharif,11.78,690.6,162.7,21.36
Soybean,Karnataka,Kharif,6.47,1242.5,133.9,26.94
Barley,Maharashtra,Kharif,4.82,620.6,176.2,17.83
Sugarcane,Karnataka,Summer,3.05,1087.6,134.3,13.1
Soybean,Punjab,Summer,10.54,522.0,160.6,35.42
Wheat,UP,Summer,11.15,403.9,195.9,43.44
Maize,Bihar,Kharif,8.13,1172.8,103.0,17.91
Wheat,MP,Summer,12.49,407.2,86.1,19.92
Maize,UP,Rabi,4.36,862.0,196.6,18.47
Wheat,Bihar,Rabi,11.83,516.0,143.4,19.14
Maize,Punjab,Kharif,3.47,533.0,179.0,14.29
Soybean,Maharashtra,Kharif,11.92,565.5,123.7,19.93
Cotton,Maharashtra,Rabi,11.45,933.3,78.0,21.48
Soybean,UP,Rabi,4.67,1048.9,76.2,10.82
Soybean,Punjab,Summer,10.23,1157.1,89.7,36.32
Rice,Rajasthan,Kharif,13.71,749.8,53.3,46.71
Sugarcane,Karnataka,Rabi,8.56,577.0,72.8,29.19
Barley,Rajasthan,Kharif,3.95,751.3,169.2,7.82
Cotton,Bihar,Kharif,9.52,1260.8,153.3,23.25
Barley,MP,Summer,10.91,536.6,108.7,43.37
Wheat,Rajasthan,Summer,9.99,876.3,175.1,17.35
Maize,Maharashtra,Summer,14.72,1046.9,187.2,25.82
Maize,Punjab,Kharif,13.05,727.9,118.9,23.01
Barley,UP,Kharif,13.47,1024.4,135.1,55.96
Maize,Maharashtra,Kharif,9.47,1010.5,170.1,25.82
Maize,Rajasthan,Summer,12.25,1095.8,187.7,32.09
Cotton,UP,Kharif,6.68,1309.4,130.4,20.23
Cotton,MP,Kharif,6.15,788.5,55.8,25.35
Cotton,Punjab,Rabi,7.43,844.8,174.8,20.2
Soybean,UP,Kharif,8.38,1103.7,54.7,27.64
Soybean,Punjab,Kharif,7.05,867.0,63.8,29.15
Wheat,Karnataka,Summer,3.65,756.8,104.3,7.97
Sugarcane,Punjab,Summer,11.09,915.6,68.2,20.75
Soybean,Maharashtra,Rabi,2.91,866.0,176.3,4.54
Wheat,UP,Rabi,8.3,1277.6,102.5,25.2
Barley,MP,Rabi,11.57,1326.8,96.4,29.4
Cotton,Punjab,Kharif,3.4,493.0,178.3,15.22
Maize,Bihar,Kharif,6.42,1233.2,154.6,27.95
Wheat,Bihar,Summer,6.23,1351.1,92.8,12.06
Wheat,Bihar,Kharif,3.27,855.4,180.7,11.22
Cotton,MP,Rabi,2.4,930.5,88.9,6.44
Wheat,Punjab,Rabi,3.21,660.2,101.3,11.49
Maize,MP,Kharif,3.93,444.6,172.9,12.55
Wheat,Bihar,Summer,8.61,1106.1,142.0,20.32
Sugarcane,UP,Summer,14.71,1231.2,78.7,53.64
Soybean,Maharashtra,Kharif,11.46,912.3,194.0,27.7
Barley,Bihar,Rabi,10.93,994.1,88.3,20.37
Sugarcane,Rajasthan,Rabi,4.64,1219.4,71.7,14.9
Soybean,MP,Rabi,14.92,798.8,180.2,61.74
Sugarcane,Karnataka,Summer,10.13,1239.8,88.2,33.03
Barley,Punjab,Rabi,5.56,461.1,130.0,24.92
Barley,Bihar,Kharif,4.37,744.3,142.5,18.3
Rice,Maharashtra,Kharif,5.06,1101.7,192.4,20.87
Soybean,Bihar,Rabi,6.88,1133.3,67.4,19.83
Sugarcane,Punjab,Rabi,7.52,1161.9,166.9,13.31
Soybean,Karnataka,Kharif,14.74,932.9,50.2,28.52
Barley,Rajasthan,Summer,5.93,1139.6,79.0,17.01
Wheat,Rajasthan,Summer,2.04,705.1,113.3,8.64
Soybean,Maharashtra,Rabi,2.82,905.1,173.3,12.58
Maize,UP,Rabi,3.67,1269.0,116.9,9.8
Sugarcane,UP,Summer,2.28,1285.1,133.4,6.03
Wheat,Punjab,Summer,11.81,1317.6,89.1,33.03
Rice,UP,Kharif,10.83,1125.6,173.5,27.35
Cotton,Maharashtra,Kharif,12.55,608.3,107.2,34.41
Sugarcane,Rajasthan,Kharif,7.25,1311.4,188.6,28.38
Maize,Rajasthan,Kharif,14.89,421.4,184.1,29.93
Wheat,Rajasthan,Rabi,9.83,928.2,129.9,18.34
Rice,Rajasthan,Summer,6.49,789.4,153.0,22.06
Maize,Punjab,Rabi,13.02,935.3,60.3,45.75
Sugarcane,Punjab,Kharif,7.81,705.6,98.7,18.02
Barley,UP,Kharif,14.62,653.0,162.4,60.63
Sugarcane,Bihar,Kharif,6.7,592.6,81.2,16.34
Cotton,MP,Summer,12.52,837.1,63.4,46.74
Cotton,MP,Rabi,9.83,602.8,101.5,43.72
Soybean,Karnataka,Kharif,8.95,1368.9,99.9,32.44
Cotton,MP,Summer,4.68,1175.3,62.9,15.19
Sugarcane,Rajasthan,Summer,10.12,937.1,157.6,32.76
Barley,Punjab,Summer,3.04,693.1,70.0,8.8
Rice,UP,Summer,11.29,731.0,50.6,41.5
Barley,Rajasthan,Rabi,5.03,1088.3,74.9,8.18
Soybean,Maharashtra,Summer,6.79,1118.6,191.1,10.27
Maize,Maharashtra,Summer,6.13,622.8,172.5,14.55
Maize,UP,Kharif,13.42,815.3,126.1,39.87
Soybean,Punjab,Summer,13.34,899.0,131.4,47.69
Sugarcane,Bihar,Rabi,11.82,1384.0,154.7,50.85
Rice,Maharashtra,Summer,10.36,1297.4,113.9,27.73
Sugarcane,Karnataka,Rabi,2.91,1169.8,101.3,5.35
Sugarcane,Maharashtra,Kharif,10.69,1319.1,57.7,22.9
Barley,UP,Summer,9.92,450.4,97.3,37.55
Barley,MP,Rabi,2.03,1360.3,142.7,4.07
Barley,MP,Summer,2.68,958.9,189.1,8.87
Barley,Maharashtra,Kharif,3.72,545.2,53.2,10.1
Rice,Bihar,Summer,4.34,799.0,140.3,12.78
Barley,Punjab,Rabi,8.98,803.0,151.6,27.36
Soybean,Maharashtra,Kharif,10.97,773.2,99.5,40.82
Cotton,Bihar,Kharif,8.37,922.2,199.8,15.97
Sugarcane,Rajasthan,Summer,6.81,772.6,100.3,21.07
Maize,MP,Rabi,1.39,600.0,97.8,6.13
Wheat,UP,Summer,8.13,1282.7,112.9,12.35
Barley,Karnataka,Kharif,4.94,1325.2,89.2,20.91
Rice,Maharashtra,Rabi,11.71,607.9,173.7,34.28
Barley,Maharashtra,Summer,14.07,1011.7,136.7,52.32
Wheat,UP,Kharif,5.67,549.6,95.6,12.18
Sugarcane,Bihar,Summer,11.9,1211.2,180.8,39.34
Barley,Punjab,Summer,6.86,901.6,135.0,14.76
Sugarcane,Bihar,Summer,2.7,1150.9,120.4,12.04
Barley,MP,Rabi,10.85,1390.1,186.4,36.79
Soybean,Karnataka,Kharif,7.46,408.1,159.2,20.18
Soybean,Karnataka,Rabi,3.59,1377.0,110.8,11.43
Rice,Rajasthan,Summer,14.62,996.6,77.9,30.67
Wheat,UP,Rabi,12.68,546.8,72.5,42.9
Soybean,Bihar,Rabi,6.73,783.8,123.4,22.96
Maize,Maharashtra,Rabi,9.9,862.2,71.5,34.44
Cotton,UP,Kharif,12.06,1047.8,61.6,27.42
Sugarcane,Rajasthan,Summer,7.55,1033.2,112.2,32.42
Barley,Punjab,Rabi,13.15,1173.1,145.5,47.9
Cotton,MP,Rabi,7.0,521.9,196.8,10.87
Maize,Karnataka,Summer,4.99,862.6,161.4,10.97
Sugarcane,Maharashtra,Rabi,11.3,595.7,147.3,27.51
Wheat,MP,Kharif,8.89,1154.3,89.5,35.66
Soybean,Bihar,Summer,12.0,1163.2,140.6,39.14
Cotton,Bihar,Rabi,9.49,786.6,188.4,16.19
Cotton,UP,Kharif,3.13,432.1,178.6,8.98
Soybean,Rajasthan,Rabi,6.86,633.6,114.6,17.9
Cotton,Rajasthan,Kharif,9.92,1256.6,96.0,29.37
Soybean,Maharashtra,Kharif,3.63,1209.1,182.8,11.5
Sugarcane,Karnataka,Kharif,14.87,609.8,196.6,45.67
Barley,Karnataka,Kharif,7.82,1242.1,156.1,25.73
Barley,Punjab,Summer,6.98,1117.7,95.9,27.81
Maize,Rajasthan,Kharif,3.07,558.6,81.1,7.36
Cotton,Karnataka,Summer,12.17,950.4,103.0,26.9
Sugarcane,Karnataka,Summer,13.75,701.3,190.5,50.42
Sugarcane,Rajasthan,Summer,13.96,743.2,146.1,33.01
Rice,Punjab,Rabi,6.32,1104.6,180.7,16.84
Sugarcane,Bihar,Rabi,2.24,1315.5,151.4,5.54
Soybean,Bihar,Summer,14.69,1254.4,186.0,35.29
Wheat,Bihar,Rabi,4.24,674.2,145.9,12.84
Wheat,Karnataka,Rabi,4.95,933.3,118.7,9.13
Barley,Maharashtra,Summer,5.45,1129.6,141.6,16.57
Rice,MP,Kharif,7.97,1038.6,72.0,24.89
Rice,MP,Kharif,11.3,1217.5,84.0,36.43
Wheat,MP,Rabi,5.14,911.2,132.1,15.69
Wheat,Bihar,Summer,8.74,1361.2,77.7,27.08
Cotton,Bihar,Summer,9.42,797.9,133.4,14.57
Rice,Punjab,Rabi,1.21,561.2,112.9,1.99
Maize,Rajasthan,Kharif,4.75,999.0,91.0,14.07
Sugarcane,UP,Kharif,8.6,763.2,179.9,24.22
Sugarcane,Maharashtra,Rabi,10.99,887.9,129.0,46.24
Rice,Maharashtra,Rabi,12.2,505.5,144.0,44.45
Sugarcane,Maharashtra,Kharif,11.75,1313.6,175.7,29.35
Cotton,Karnataka,Kharif,9.61,1281.1,177.3,38.35
Wheat,UP,Rabi,3.68,417.1,114.6,14.0
Cotton,Karnataka,Kharif,2.33,952.9,189.9,5.93
Barley,Punjab,Kharif,2.76,1056.8,135.0,5.55
Rice,Maharashtra,Rabi,2.35,427.6,187.8,6.41
Maize,UP,Summer,10.24,953.6,186.9,39.66
Cotton,Bihar,Summer,8.12,815.1,86.5,25.71
Wheat,Maharashtra,Kharif,11.89,688.1,67.2,51.27
Sugarcane,UP,Kharif,12.99,856.9,130.0,44.44
Maize,Karnataka,Summer,11.5,495.4,90.8,44.07
Maize,Punjab,Rabi,11.68,654.7,144.1,46.41
Wheat,UP,Rabi,10.21,925.3,97.8,31.52
Rice,Bihar,Kharif,8.18,1309.0,185.7,13.52
Wheat,Maharashtra,Kharif,13.08,1232.8,162.5,57.57
Rice,Maharashtra,Rabi,6.25,880.6,84.6,10.14
Barley,Rajasthan,Rabi,11.39,1289.9,157.8,18.43
Soybean,Punjab,Kharif,3.35,482.6,88.4,14.94
Cotton,Bihar,Kharif,2.37,945.1,191.3,6.16
Barley,Karnataka,Kharif,12.51,407.9,198.0,36.66
Maize,Karnataka,Summer,7.33,498.9,194.0,24.68
Sugarcane,Rajasthan,Kharif,8.91,725.6,96.8,15.1
Rice,UP,Rabi,13.58,498.4,52.3,28.02
Wheat,Bihar,Summer,9.12,1231.6,125.0,29.92
Maize,Maharashtra,Kharif,6.06,888.0,116.1,21.62
Rice,Karnataka,Rabi,7.56,1248.7,100.9,14.73
Rice,Bihar,Rabi,5.06,427.5,177.0,20.96
Maize,UP,Summer,3.02,967.0,156.4,12.55
Barley,Punjab,Kharif,12.01,502.3,62.4,26.76
Maize,Punjab,Kharif,2.6,1071.7,182.1,11.05
Cotton,Maharashtra,Summer,11.8,912.7,116.2,42.77
Wheat,Karnataka,Rabi,14.97,547.7,162.9,24.8
Cotton,Maharashtra,Rabi,13.19,794.7,82.8,38.28
Rice,Maharashtra,Summer,4.58,730.6,73.3,10.45
Sugarcane,Bihar,Summer,7.8,549.5,193.4,21.3
Maize,MP,Rabi,13.49,1191.1,197.0,52.88
Cotton,MP,Rabi,7.7,635.1,94.9,34.45
Cotton,Karnataka,Summer,10.1,723.8,56.3,38.02
Sugarcane,UP,Kharif,6.32,1351.9,62.7,19.5
Rice,Punjab,Rabi,4.56,1315.9,71.3,17.02
Wheat,Bihar,Summer,5.83,888.0,57.4,24.6
Wheat,Bihar,Rabi,10.7,1322.3,145.1,16.65
Soybean,Bihar,Kharif,6.65,852.6,196.8,29.91
Barley,UP,Summer,9.26,547.4,132.3,32.57
Maize,Rajasthan,Rabi,11.81,746.7,145.1,29.16
Sugarcane,MP,Summer,9.94,1147.7,108.5,35.14
Rice,Rajasthan,Rabi,1.65,1046.4,197.2,2.91
Soybean,MP,Rabi,14.1,892.1,129.4,55.88
Cotton,MP,Summer,10.98,1330.2,55.2,32.61
Rice,Bihar,Summer,10.65,1353.0,174.6,45.46
Soybean,MP,Kharif,4.09,460.4,65.9,10.33
Wheat,Bihar,Rabi,13.43,1121.7,76.1,38.56
Cotton,Bihar,Kharif,13.54,1041.4,50.5,22.83
Rice,Maharashtra,Rabi,4.01,1220.7,182.3,17.57
Cotton,Maharashtra,Rabi,2.48,1224.5,122.6,5.73
Sugarcane,Bihar,Kharif,6.47,546.2,196.3,21.26
Cotton,Maharashtra,Rabi,3.42,568.6,181.6,6.48
Wheat,Karnataka,Kharif,2.63,1004.4,119.0,10.15
Sugarcane,Maharashtra,Summer,5.58,600.5,157.5,19.13
Rice,Bihar,Rabi,3.59,860.0,155.1,14.44
Maize,UP,Rabi,13.34,1072.6,51.0,22.78
Wheat,Rajasthan,Summer,14.09,1186.1,117.8,58.4
Cotton,Karnataka,Rabi,4.97,563.6,111.9,10.1
Rice,Maharashtra,Summer,11.45,929.6,147.5,21.23
Maize,UP,Rabi,9.74,1017.3,147.3,20.08
Cotton,Karnataka,Rabi,4.51,1397.9,152.9,13.52
Rice,Punjab,Rabi,2.26,1036.4,77.0,6.17
Barley,Punjab,Rabi,2.34,963.2,70.8,6.09
Wheat,Maharashtra,Rabi,4.29,1143.7,81.0,17.63
Barley,Rajasthan,Rabi,2.83,539.6,109.4,9.48
Barley,Maharashtra,Rabi,3.39,1210.1,112.7,9.38
Wheat,Karnataka,Kharif,9.88,890.4,136.6,36.36
Wheat,Maharashtra,Kharif,14.11,1327.4,94.8,41.57
Rice,Bihar,Kharif,11.59,759.2,85.4,33.58
Rice,Punjab,Summer,14.87,1183.4,121.6,33.43
Maize,MP,Kharif,1.54,1133.1,84.9,4.99
Cotton,Bihar,Rabi,6.48,837.2,67.8,25.79
Barley,Bihar,Rabi,11.68,556.3,152.0,26.68
Soybean,Bihar,Kharif,6.76,742.3,109.4,11.1
Cotton,MP,Kharif,3.35,1134.6,131.3,6.22
Maize,Maharashtra,Rabi,3.09,576.4,81.4,10.36
Rice,MP,Summer,6.29,1035.6,179.9,25.98
Sugarcane,Rajasthan,Summer,7.76,1196.7,134.3,14.86
Sugarcane,Punjab,Kharif,3.4,729.2,51.0,6.3
Wheat,UP,Rabi,9.88,1108.9,189.2,38.67
Maize,Bihar,Rabi,13.43,1154.0,122.7,38.43
Barley,Maharashtra,Summer,6.12,1360.6,106.2,14.77
Soybean,Karnataka,Summer,4.53,410.9,181.9,16.77
Maize,Rajasthan,Summer,3.5,503.6,60.4,12.87
Sugarcane,UP,Summer,7.96,1399.9,143.4,17.87
Maize,Punjab,Summer,1.53,843.8,129.0,2.35
Barley,Bihar,Kharif,9.36,509.3,195.8,40.74
Wheat,Punjab,Summer,8.0,1203.8,138.4,32.34
Soybean,UP,Kharif,10.48,639.5,69.1,33.06
Sugarcane,Punjab,Summer,12.76,1102.8,99.9,48.39
Wheat,Maharashtra,Rabi,5.5,778.9,145.3,21.32
Wheat,Maharashtra,Kharif,11.98,1095.2,128.4,36.4
Sugarcane,UP,Kharif,5.91,530.3,182.5,17.09
Sugarcane,Maharashtra,Summer,3.47,1113.1,86.3,13.62
Sugarcane,Rajasthan,Kharif,10.52,784.8,192.0,39.68
Rice,Rajasthan,Kharif,8.52,609.9,143.7,33.23
Rice,Rajasthan,Summer,13.26,1309.7,146.5,27.62
Maize,Maharashtra,Summer,12.0,1044.9,176.5,37.69
Maize,Bihar,Kharif,12.81,1135.5,88.7,38.64
Maize,Karnataka,Rabi,10.88,918.1,163.9,32.21
Soybean,Karnataka,Kharif,9.25,1332.1,67.4,28.01
Cotton,Punjab,Rabi,13.04,1359.8,137.2,34.42
Maize,Punjab,Kharif,2.19,1211.4,84.6,9.67
Wheat,UP,Rabi,13.65,595.7,156.1,26.9
Cotton,Karnataka,Summer,1.01,1151.7,187.7,3.46
Sugarcane,Punjab,Rabi,11.72,721.5,57.2,29.77
Maize,Maharashtra,Kharif,4.24,408.7,54.1,10.59
Cotton,Bihar,Rabi,11.3,1319.1,81.2,26.86
Soybean,Karnataka,Summer,3.24,429.1,73.3,14.3
Wheat,Rajasthan,Kharif,1.99,789.2,113.0,7.64
Rice,Maharashtra,Kharif,8.05,1113.0,169.9,23.55
Cotton,Rajasthan,Kharif,10.19,694.1,51.3,24.39
Maize,Punjab,Summer,3.93,1010.3,185.9,14.03
Soybean,Rajasthan,Rabi,7.11,1361.5,128.2,23.58
Sugarcane,UP,Rabi,7.07,1145.1,64.8,14.34
Soybean,Maharashtra,Summer,7.11,1224.2,119.2,22.52
Maize,Rajasthan,Kharif,10.04,899.1,139.5,35.94
Barley,Karnataka,Summer,12.42,849.0,81.5,18.84
Maize,Maharashtra,Rabi,7.28,1086.0,77.6,24.81
Barley,Karnataka,Rabi,3.78,642.3,95.9,10.27
Cotton,Punjab,Summer,5.19,961.9,135.9,22.56
Rice,UP,Summer,8.49,1237.7,96.8,29.29
Soybean,Karnataka,Rabi,11.61,725.0,170.8,26.11
Maize,Rajasthan,Rabi,11.19,869.6,191.2,32.07
Barley,Rajasthan,Summer,8.94,823.7,51.8,30.98
Sugarcane,Maharashtra,Rabi,7.86,1224.0,128.1,24.79
Wheat,MP,Rabi,6.73,1327.0,182.2,19.2
Cotton,Punjab,Kharif,4.47,1304.7,195.4,12.75
Sugarcane,Bihar,Kharif,11.75,1374.3,100.2,20.99
Maize,UP,Summer,9.92,698.0,59.2,38.52
Cotton,MP,Summer,11.95,934.6,149.3,32.87
Barley,Karnataka,Summer,4.39,898.1,134.2,12.0
Barley,UP,Kharif,7.83,766.5,74.1,15.36
Sugarcane,UP,Rabi,9.85,441.9,82.4,33.88
Maize,Maharashtra,Summer,2.05,962.9,56.9,8.07
Cotton,MP,Rabi,12.02,1056.1,61.3,33.45
Sugarcane,MP,Summer,7.32,1351.1,110.3,27.58
Rice,Bihar,Summer,6.94,554.2,89.8,29.63
Soybean,Bihar,Summer,1.37,776.1,143.8,3.88
Rice,Maharashtra,Summer,4.87,585.8,51.6,13.53
Wheat,Punjab,Kharif,1.36,1217.3,153.6,4.29
Soybean,Punjab,Kharif,9.96,1024.7,170.9,28.69
Wheat,Karnataka,Rabi,2.17,1207.3,195.8,4.76
Sugarcane,Maharashtra,Summer,9.96,882.0,95.5,34.52
Wheat,Rajasthan,Rabi,2.23,1087.4,93.5,8.31
Rice,Rajasthan,Summer,6.6,1254.8,135.0,20.12
Cotton,Karnataka,Kharif,7.99,1249.3,101.7,30.56
Soybean,Maharashtra,Summer,8.88,1337.0,87.8,39.45
Rice,MP,Summer,14.45,1161.2,55.0,28.63
Rice,Punjab,Summer,10.51,536.5,126.6,17.23
Rice,Karnataka,Kharif,2.04,455.9,180.1,3.57
Rice,Rajasthan,Rabi,8.62,785.3,184.8,27.32
Cotton,MP,Kharif,9.09,447.3,132.1,19.39
Maize,Bihar,Rabi,7.81,559.9,142.1,31.02
Soybean,Punjab,Rabi,7.27,1109.7,90.5,11.67
Soybean,UP,Kharif,12.05,841.2,94.5,39.43
Maize,Punjab,Rabi,14.24,983.0,91.1,50.72
Sugarcane,Punjab,Summer,13.2,1154.3,63.7,51.94
Maize,Bihar,Rabi,2.3,807.6,164.4,5.3
Cotton,Bihar,Rabi,11.71,476.8,148.1,18.31
Soybean,Punjab,Summer,2.9,728.3,98.8,8.76
Cotton,Bihar,Summer,8.83,830.9,82.7,28.16
Sugarcane,Karnataka,Summer,7.49,1138.6,101.7,12.39
Rice,MP,Summer,12.91,1276.8,105.8,35.07
Soybean,Bihar,Kharif,9.03,499.1,100.4,40.57
Maize,UP,Rabi,4.0,449.7,145.6,6.1
Sugarcane,UP,Rabi,14.86,1199.2,139.6,36.9
Maize,Karnataka,Summer,9.16,1061.8,86.7,35.71
Maize,Maharashtra,Summer,10.28,837.0,112.4,19.91
Soybean,Bihar,Summer,14.21,847.5,68.7,36.04
Wheat,Rajasthan,Kharif,12.4,442.0,173.0,35.3
Wheat,MP,Rabi,11.55,1049.8,102.6,30.0
Rice,Maharashtra,Kharif,10.54,863.6,96.3,33.41
Cotton,Rajasthan,Rabi,7.82,897.5,192.2,28.16
Barley,MP,Kharif,7.59,910.0,95.5,20.96
Wheat,Bihar,Summer,8.45,722.9,188.9,29.12
Barley,MP,Rabi,9.51,831.4,51.9,16.19
Soybean,Karnataka,Summer,10.14,799.8,137.4,24.25
Barley,Rajasthan,Kharif,13.53,1299.9,58.8,37.73
Barley,Karnataka,Summer,6.05,490.9,109.1,10.86
Sugarcane,Karnataka,Kharif,13.8,912.6,133.0,40.92
Barley,Punjab,Rabi,12.69,1217.9,87.7,25.08
Sugarcane,Karnataka,Kharif,2.99,480.2,133.6,7.33
Rice,MP,Rabi,14.8,825.5,81.5,58.45
Barley,Karnataka,Kharif,6.22,646.9,101.1,12.23
Maize,Maharashtra,Rabi,1.81,1044.5,53.8,4.75
Cotton,Bihar,Rabi,3.16,983.1,67.2,11.7
Maize,Karnataka,Rabi,10.83,1344.2,130.8,39.72
Rice,Punjab,Rabi,14.73,885.3,114.7,37.31
Barley,UP,Rabi,2.9,1368.2,118.0,9.11
Rice,Karnataka,Summer,4.35,922.6,132.3,9.92
Soybean,Bihar,Kharif,7.87,653.2,116.2,24.23
Barley,Maharashtra,Kharif,6.5,530.0,142.8,23.11
Soybean,Bihar,Kharif,1.9,1366.7,191.6,3.09
Maize,Rajasthan,Summer,8.47,870.8,172.0,29.39
Soybean,Bihar,Kharif,14.18,735.9,60.9,35.81
Barley,Punjab,Rabi,7.98,1047.8,118.0,29.12
Maize,MP,Rabi,6.3,662.3,149.6,16.47
Wheat,Bihar,Rabi,4.41,897.6,53.9,12.51
Barley,Punjab,Summer,2.61,827.8,153.3,6.53
Maize,Bihar,Summer,7.69,1293.3,196.3,24.24
Rice,UP,Kharif,9.32,788.8,103.0,21.86
Soybean,Bihar,Rabi,14.53,1009.7,151.9,59.93
Cotton,Karnataka,Rabi,10.36,787.6,191.4,17.14
Rice,Karnataka,Kharif,3.01,1017.0,134.7,8.2
Barley,MP,Kharif,7.39,1004.2,142.0,32.9
Sugarcane,Bihar,Kharif,6.88,1104.1,190.5,30.22
Soybean,Maharashtra,Summer,5.81,1232.8,75.7,22.7
Rice,Punjab,Kharif,13.69,807.6,145.3,41.1
Sugarcane,Karnataka,Summer,9.08,1108.2,90.0,16.24
Rice,Karnataka,Summer,12.44,523.3,92.3,52.83
Soybean,Maharashtra,Rabi,13.34,1137.7,105.2,49.78
Cotton,Punjab,Kharif,14.86,1259.7,187.1,23.66
Cotton,MP,Kharif,9.87,830.6,56.9,39.15
Rice,MP,Summer,8.32,1028.2,109.0,14.81
Rice,MP,Kharif,4.5,548.4,179.1,16.69
Sugarcane,MP,Kharif,6.07,923.5,106.0,26.53
Rice,Bihar,Kharif,6.79,465.9,113.0,12.45
Barley,Rajasthan,Summer,3.58,1295.1,71.0,9.03
Rice,Karnataka,Summer,2.53,1107.1,116.0,6.32
Cotton,Rajasthan,Kharif,2.15,951.8,192.7,5.17
Barley,UP,Kharif,3.95,1034.0,142.9,17.42
Maize,Rajasthan,Rabi,10.76,1345.3,97.4,40.23
Cotton,Rajasthan,Kharif,11.18,1100.7,58.3,29.59
Cotton,Karnataka,Kharif,11.1,767.8,140.7,37.74
Maize,Rajasthan,Rabi,11.38,1118.1,121.9,47.89
Cotton,Punjab,Kharif,13.12,691.6,131.5,50.14
Cotton,Bihar,Rabi,9.18,1398.8,193.0,38.89
Sugarcane,Karnataka,Rabi,7.08,648.1,177.1,14.83
Barley,Rajasthan,Summer,6.83,883.8,130.7,13.98
Wheat,MP,Summer,12.37,505.2,68.3,19.53
Rice,Karnataka,Summer,2.71,1368.8,88.1,11.7
Maize,MP,Summer,3.81,1399.0,123.2,8.14
Barley,Punjab,Rabi,4.76,733.0,60.0,20.83
Rice,Punjab,Kharif,8.71,905.8,98.3,32.6
Wheat,Maharashtra,Rabi,4.01,1264.5,163.0,11.96
Maize,Rajasthan,Kharif,1.88,760.2,155.1,5.96
Sugarcane,MP,Kharif,7.76,1043.9,118.1,16.24
Soybean,UP,Summer,2.4,1047.5,126.7,6.51
Sugarcane,MP,Rabi,4.97,1025.8,175.4,20.12
Maize,Karnataka,Summer,10.22,547.2,114.5,36.83
Rice,Karnataka,Kharif,9.11,969.2,70.7,16.4
Wheat,Rajasthan,Rabi,6.24,1080.9,54.6,9.55
Rice,Punjab,Summer,10.72,1319.1,188.0,28.64
Wheat,UP,Kharif,8.13,1232.6,101.7,20.46
Barley,Bihar,Rabi,3.95,1181.6,55.1,11.91
Rice,Bihar,Summer,13.83,590.4,91.4,43.39
Cotton,Punjab,Summer,10.36,1373.9,103.3,39.87
Maize,Maharashtra,Summer,13.75,972.2,99.4,31.99
Rice,Karnataka,Summer,10.04,564.3,113.6,37.88
Cotton,Rajasthan,Summer,14.98,707.1,166.6,42.27
Maize,Punjab,Rabi,6.09,1330.8,159.6,16.13
Barley,Bihar,Summer,11.5,1116.8,156.6,42.9
Wheat,UP,Summer,6.16,1160.4,57.4,15.79
Sugarcane,MP,Rabi,13.64,848.9,164.4,30.7
Barley,Karnataka,Summer,4.38,625.1,182.9,16.37
Sugarcane,MP,Summer,4.04,940.6,141.0,8.32
Maize,MP,Summer,5.36,942.5,83.4,12.13
Rice,Rajasthan,Summer,4.97,1350.3,171.9,13.03
Sugarcane,Rajasthan,Kharif,7.05,503.2,79.3,24.11
Barley,Karnataka,Kharif,7.21,1244.2,180.5,14.11
Cotton,Bihar,Rabi,5.76,1177.6,102.8,14.93
Barley,UP,Rabi,5.91,420.3,181.7,24.6
Barley,UP,Summer,8.65,557.1,140.6,34.14
Soybean,UP,Kharif,9.46,1220.3,120.0,18.21
Rice,MP,Summer,14.95,957.2,158.2,31.5
Sugarcane,Maharashtra,Kharif,14.95,919.8,85.1,57.59
Soybean,Karnataka,Kharif,1.36,870.0,163.4,4.68
Wheat,Bihar,Summer,1.9,568.4,142.6,5.58
Rice,Punjab,Rabi,14.62,1140.0,166.6,25.85
Cotton,Maharashtra,Kharif,11.17,472.5,79.1,19.79
Soybean,Rajasthan,Kharif,13.26,853.5,161.4,21.85
Soybean,UP,Summer,4.38,972.5,84.7,6.67
Cotton,MP,Summer,1.15,1279.6,115.7,2.79
Maize,Punjab,Kharif,13.54,764.2,107.8,21.05
Rice,MP,Kharif,14.23,1047.2,92.8,50.11
Cotton,Maharashtra,Rabi,2.7,1257.0,164.9,5.59
Cotton,UP,Rabi,6.59,1201.4,116.7,15.24
Wheat,Bihar,Rabi,13.07,562.3,139.0,57.0
Sugarcane,Maharashtra,Kharif,5.21,1319.3,53.9,12.03
Wheat,Rajasthan,Kharif,2.13,856.5,81.7,4.77
Wheat,Bihar,Rabi,1.88,904.0,72.6,4.77
Rice,UP,Summer,8.56,1277.8,124.9,30.85
Wheat,Rajasthan,Summer,5.42,418.8,159.5,17.75
Barley,Maharashtra,Summer,11.9,454.0,84.5,47.72
Maize,Rajasthan,Summer,6.08,419.0,92.3,17.33
Barley,Rajasthan,Summer,1.16,861.0,177.3,4.93
Soybean,Bihar,Rabi,10.19,1148.3,115.0,45.73
Rice,MP,Rabi,3.95,622.4,88.7,14.66
Soybean,Karnataka,Kharif,1.88,1199.4,193.6,8.46
Barley,MP,Rabi,12.27,1207.3,181.6,19.17
Barley,Maharashtra,Summer,13.36,499.0,154.0,51.76
Maize,MP,Summer,12.4,1345.9,78.4,29.93
Sugarcane,Bihar,Kharif,6.53,408.7,155.6,28.67
Rice,MP,Rabi,6.02,559.7,84.4,19.21
Sugarcane,MP,Summer,13.31,1113.6,102.1,39.68
Wheat,MP,Summer,4.11,473.9,128.1,7.47
Wheat,Karnataka,Summer,6.78,790.7,87.7,11.2
Rice,MP,Rabi,6.21,449.9,70.0,22.67
Cotton,Karnataka,Summer,5.8,1187.4,116.3,13.72
Cotton,Rajasthan,Rabi,6.68,1198.9,71.8,25.87
Rice,Rajasthan,Summer,5.29,586.0,60.0,22.9
Rice,MP,Kharif,8.85,688.2,88.4,24.7
Sugarcane,MP,Rabi,4.8,1332.0,153.6,16.76
Cotton,Rajasthan,Summer,1.56,740.5,140.9,2.98
Wheat,Maharashtra,Kharif,1.11,681.5,156.4,3.97
Wheat,Punjab,Kharif,5.57,1137.0,88.5,9.47
Cotton,Rajasthan,Summer,11.14,469.1,153.0,30.63
Sugarcane,Karnataka,Kharif,7.79,1275.4,72.6,26.45
Wheat,Karnataka,Kharif,1.11,868.5,141.5,4.85
Cotton,Maharashtra,Summer,9.88,1039.7,78.2,42.51
Maize,UP,Rabi,8.74,1193.8,98.8,29.34
Soybean,Karnataka,Rabi,13.3,1351.2,160.1,21.3
Soybean,MP,Rabi,13.65,915.1,135.9,40.09
Wheat,UP,Kharif,10.5,971.6,144.7,22.23
Barley,Rajasthan,Rabi,9.51,439.9,118.8,17.89
Sugarcane,Punjab,Rabi,14.44,994.7,105.5,56.71
Sugarcane,Karnataka,Kharif,2.13,1151.0,61.6,6.75
Soybean,MP,Rabi,14.14,1399.9,72.2,42.68
Soybean,Bihar,Rabi,3.21,1260.7,132.1,10.54
Maize,MP,Rabi,8.38,819.0,189.5,17.21
Cotton,Maharashtra,Summer,1.63,863.9,170.1,3.12
Sugarcane,Bihar,Kharif,1.39,488.2,125.2,5.97
Barley,Maharashtra,Rabi,7.03,609.5,96.5,21.34
Soybean,Maharashtra,Rabi,3.79,670.9,65.9,16.56
Cotton,Karnataka,Summer,5.5,917.3,94.2,22.32
Maize,Karnataka,Summer,9.64,1242.5,123.3,37.19
Sugarcane,Karnataka,Kharif,9.63,784.1,82.8,27.01
Soybean,Punjab,Rabi,9.97,724.1,63.1,32.06
Rice,Maharashtra,Kharif,7.07,494.2,178.1,13.05
Maize,Rajasthan,Summer,10.94,1115.6,86.1,40.11
Sugarcane,Karnataka,Kharif,12.18,675.3,168.9,27.32
Barley,Rajasthan,Kharif,10.7,561.6,194.0,20.43
Maize,Punjab,Rabi,9.48,1094.8,92.7,21.75
Cotton,Maharashtra,Kharif,2.89,699.6,134.1,10.18
Maize,Bihar,Summer,5.93,465.8,58.5,20.61
Soybean,Rajasthan,Rabi,1.57,839.3,135.7,4.31
Soybean,Bihar,Rabi,5.96,1312.9,187.5,25.54
Cotton,Maharashtra,Kharif,4.87,421.8,143.5,15.52
Sugarcane,Karnataka,Kharif,10.38,852.3,136.6,36.71
Cotton,UP,Kharif,5.24,1374.8,62.0,17.69
Soybean,Maharashtra,Rabi,3.93,795.9,88.6,9.13
Rice,Maharashtra,Summer,4.45,1113.8,193.9,9.64
Sugarcane,Bihar,Summer,4.31,727.9,61.3,8.5
Wheat,Punjab,Rabi,10.14,565.4,108.0,16.72
Rice,UP,Rabi,1.94,816.0,148.5,7.35
Maize,UP,Summer,8.68,488.4,148.2,33.07
Maize,Bihar,Rabi,10.89,654.8,154.1,35.84
Rice,Punjab,Kharif,5.19,677.0,134.8,22.34
Sugarcane,Karnataka,Rabi,2.09,862.2,140.6,3.34
Barley,Bihar,Rabi,10.36,636.1,109.3,39.54
Sugarcane,MP,Kharif,1.52,449.7,192.0,5.65
Rice,Maharashtra,Summer,7.69,916.6,81.6,25.81
Rice,Bihar,Summer,3.47,790.8,72.7,10.66
Wheat,Punjab,Summer,4.76,1124.4,64.0,9.07
Soybean,MP,Kharif,2.02,945.6,108.9,7.86
Barley,Maharashtra,Kharif,5.08,954.7,118.3,13.95
Cotton,UP,Rabi,4.45,1186.9,142.1,17.86
Wheat,Karnataka,Rabi,2.74,1302.3,174.9,9.69
Maize,Punjab,Summer,10.74,431.6,51.3,41.93
Wheat,MP,Summer,14.64,591.5,110.7,52.78
Sugarcane,Bihar,Rabi,13.42,922.5,149.2,42.54
Cotton,Punjab,Summer,12.12,423.6,121.6,22.57
Barley,Karnataka,Rabi,7.69,1308.8,122.6,20.87
Maize,Rajasthan,Kharif,12.9,1226.7,77.7,42.57
Cotton,Maharashtra,Kharif,11.37,453.9,174.8,23.15
Cotton,Maharashtra,Rabi,1.18,938.5,75.1,1.87
Rice,MP,Kharif,3.65,732.4,140.9,14.89
Barley,Rajasthan,Rabi,10.87,1257.6,130.3,46.54
Wheat,Punjab,Summer,5.07,1226.2,126.0,15.17
Barley,Bihar,Kharif,8.87,1308.9,92.9,33.18
Maize,Rajasthan,Kharif,11.73,1184.9,64.4,36.32
Wheat,Bihar,Rabi,14.48,1135.8,197.8,32.79
Sugarcane,Karnataka,Summer,12.08,459.1,119.4,29.82
Soybean,Maharashtra,Kharif,10.14,740.1,52.7,34.16
Cotton,Punjab,Rabi,4.84,789.8,55.5,9.81
Soybean,MP,Kharif,9.77,716.7,67.5,40.46
Rice,Punjab,Rabi,6.49,751.0,52.2,26.18
Soybean,MP,Rabi,12.24,1076.4,84.7,36.54
Cotton,Rajasthan,Rabi,13.33,573.9,60.6,37.83
Cotton,Bihar,Summer,10.95,720.1,125.2,47.43
Maize,Karnataka,Kharif,10.79,1218.5,127.0,42.83
Barley,Karnataka,Summer,1.4,915.1,88.3,5.77
Soybean,Punjab,Kharif,4.18,945.8,160.3,17.05
Wheat,Punjab,Kharif,12.98,633.1,197.3,56.05
Soybean,MP,Rabi,11.69,1267.4,76.0,20.31
Barley,Rajasthan,Rabi,5.03,884.8,64.0,10.06
Cotton,UP,Kharif,5.43,448.9,86.2,19.03
Rice,Karnataka,Summer,4.72,843.3,142.7,16.59
Wheat,Karnataka,Summer,14.75,1054.2,164.6,25.89
Barley,MP,Rabi,6.89,915.8,109.6,20.74
Soybean,Karnataka,Summer,6.31,1114.3,121.5,26.21
Rice,Bihar,Summer,4.21,694.1,146.8,17.56
Wheat,Punjab,Kharif,14.72,945.4,148.2,47.46
Sugarcane,Karnataka,Summer,6.61,598.5,162.4,23.78
Rice,Punjab,Kharif,1.13,1016.7,110.4,2.5
Wheat,UP,Kharif,10.76,775.9,94.7,24.95
Soybean,Karnataka,Kharif,5.07,580.9,185.5,21.92
Cotton,MP,Rabi,13.65,719.0,106.4,55.87
Rice,Maharashtra,Kharif,10.11,501.6,86.3,43.7
Barley,Bihar,Rabi,10.22,753.0,176.0,35.6
Maize,Punjab,Summer,5.28,1057.9,193.7,8.64
Wheat,Punjab,Kharif,14.95,915.2,80.5,38.97
Sugarcane,Bihar,Summer,1.58,498.7,133.4,5.01
Rice,Punjab,Rabi,12.95,872.8,188.8,33.4
Cotton,UP,Kharif,10.13,1026.7,85.0,19.72
Wheat,Bihar,Kharif,2.7,1256.1,192.6,9.13
Sugarcane,Karnataka,Rabi,14.16,1352.3,85.3,43.51
Wheat,Bihar,Rabi,4.24,591.9,142.3,8.89
Wheat,Maharashtra,Rabi,2.86,971.0,191.1,8.92
Sugarcane,MP,Kharif,3.36,1139.9,119.9,10.38
Sugarcane,MP,Rabi,9.13,963.0,115.1,39.52
Rice,MP,Rabi,12.45,621.0,89.7,23.97
Maize,Bihar,Summer,10.06,616.1,186.9,28.01
Barley,UP,Kharif,12.02,543.6,187.8,46.18
Sugarcane,Punjab,Kharif,13.47,1105.7,183.0,58.49
Maize,MP,Kharif,3.56,828.2,161.5,13.42
Cotton,Maharashtra,Rabi,8.2,1295.0,67.9,28.99
Soybean,Karnataka,Rabi,14.86,1153.0,165.6,49.77
Rice,Punjab,Kharif,7.87,1274.0,143.6,34.28
Maize,Bihar,Rabi,2.17,726.5,130.9,7.34
Wheat,MP,Kharif,10.68,891.0,147.3,39.68
Barley,UP,Rabi,9.94,486.9,84.7,16.93
Soybean,MP,Rabi,7.27,1084.0,71.2,23.03
Maize,Punjab,Rabi,7.38,402.5,133.5,15.52
Sugarcane,Maharashtra,Kharif,1.14,1087.1,76.8,3.79
Sugarcane,Punjab,Rabi,2.64,870.1,66.1,6.62
Sugarcane,Karnataka,Summer,12.16,459.6,97.8,43.77
Rice,Punjab,Rabi,2.76,1108.6,131.0,6.2
Barley,MP,Kharif,13.27,492.6,103.4,48.32
Barley,UP,Summer,3.7,849.1,58.3,10.92
Cotton,Karnataka,Kharif,13.41,1287.1,188.4,39.08
Sugarcane,Maharashtra,Rabi,5.0,683.4,63.3,21.97
Barley,Karnataka,Kharif,4.41,750.1,106.7,15.23
Maize,MP,Summer,4.76,1225.6,137.4,19.28
Maize,Maharashtra,Summer,12.41,1312.3,152.2,23.15
Maize,Bihar,Summer,7.55,1347.0,111.6,25.76
Rice,MP,Summer,4.92,469.5,85.8,11.1
Soybean,Karnataka,Summer,4.58,659.0,55.2,10.6
Sugarcane,MP,Rabi,1.63,1093.3,187.0,4.29
Maize,Maharashtra,Rabi,6.95,492.9,154.5,20.25
Sugarcane,Maharashtra,Summer,10.58,1301.0,62.2,28.6
Maize,Karnataka,Rabi,10.1,716.8,178.0,18.3
Sugarcane,UP,Summer,14.32,920.3,175.7,52.54
Rice,UP,Rabi,8.13,643.5,166.4,26.15
Cotton,Maharashtra,Kharif,11.66,606.6,177.2,48.54
Sugarcane,UP,Kharif,6.5,771.5,163.2,10.67
Sugarcane,Maharashtra,Kharif,5.12,1250.1,195.4,10.39
Rice,Maharashtra,Rabi,1.23,706.4,159.5,3.98
Maize,Rajasthan,Summer,4.2,858.1,191.3,6.63
Wheat,UP,Rabi,10.36,1277.4,52.2,31.1
Sugarcane,Bihar,Rabi,12.27,1267.9,108.2,23.22
Barley,Punjab,Kharif,14.46,418.8,88.9,35.36
Sugarcane,Bihar,Rabi,3.89,1336.2,99.6,11.92
