Genre,Language,Platform,Budget_Cr,Rating,Duration_min,Revenue_Cr
Thriller,Tamil,Netflix,55.22,6.9,152,161.19
Sci-Fi,Hindi,Prime,135.85,2.9,138,319.22
Comedy,Hindi,Prime,112.56,5.3,136,152.17
Sci-Fi,Telugu,Netflix,131.16,1.2,90,175.9
Comedy,Hindi,Hotstar,102.62,3.8,105,167.19
Thriller,Hindi,Theatre,95.96,4.1,118,149.24
Romance,Tamil,Hotstar,46.41,2.0,174,48.7
Drama,Telugu,Prime,34.26,9.4,104,86.26
Sci-Fi,English,Theatre,30.53,5.3,163,52.91
Comedy,Telugu,Hotstar,81.82,8.0,179,83.64
Comedy,Tamil,Netflix,65.01,3.1,175,159.71
Comedy,Tamil,Prime,90.51,1.4,174,74.49
Thriller,Marathi,Hotstar,86.29,5.7,102,261.35
Comedy,Marathi,Hotstar,106.87,4.0,163,173.55
Action,Tamil,Hotstar,5.74,6.8,167,6.6
Sci-Fi,Hindi,Hotstar,89.68,2.8,137,272.49
Sci-Fi,English,Netflix,35.67,1.8,160,118.95
Sci-Fi,Telugu,Netflix,87.93,3.1,108,265.31
Action,Marathi,Theatre,111.45,9.2,156,262.17
Comedy,English,Netflix,54.01,5.1,107,138.86
Thriller,Marathi,Hotstar,27.84,8.5,134,22.61
Drama,Tamil,Netflix,16.77,6.6,110,55.29
Sci-Fi,English,Theatre,52.27,6.2,172,111.54
Thriller,Tamil,Theatre,97.49,8.1,117,123.59
Action,Hindi,Netflix,65.37,1.2,92,195.96
Thriller,English,Netflix,28.44,5.9,108,66.45
Romance,English,Hotstar,59.78,9.8,176,177.68
Romance,Telugu,Prime,140.17,6.7,150,449.86
Comedy,English,Theatre,137.84,5.6,116,114.12
Action,English,Theatre,74.64,7.4,128,145.63
Comedy,Telugu,Netflix,23.37,9.7,100,25.59
Action,Hindi,Theatre,54.29,1.8,157,93.83
Thriller,Tamil,Netflix,65.03,2.9,98,124.19
Drama,English,Hotstar,114.52,2.6,110,337.83
Action,Telugu,Theatre,127.72,3.6,126,404.16
Comedy,Telugu,Hotstar,131.14,2.2,166,458.98
Thriller,English,Theatre,29.51,8.2,136,92.78
Romance,Marathi,Netflix,11.62,6.2,145,19.62
Thriller,Hindi,Prime,134.79,3.4,99,374.33
Drama,Hindi,Hotstar,146.93,8.2,160,293.13
Thriller,English,Theatre,149.21,9.4,118,198.13
Action,English,Prime,31.15,9.5,147,101.81
Thriller,English,Prime,88.65,8.3,116,174.02
Romance,Tamil,Hotstar,37.19,7.8,119,125.63
Action,Hindi,Netflix,10.93,8.1,100,32.58
Action,Hindi,Prime,111.49,8.8,143,334.05
Action,Marathi,Theatre,90.17,8.1,114,189.16
Thriller,Tamil,Theatre,32.95,1.4,138,100.85
Action,English,Hotstar,20.53,7.0,116,57.53
Comedy,Tamil,Netflix,1.01,4.9,117,1.2
Drama,Hindi,Prime,135.34,1.0,164,128.33
Action,Marathi,Theatre,14.51,1.6,148,48.57
Comedy,Telugu,Hotstar,62.44,4.8,99,63.23
Action,Marathi,Netflix,47.16,4.1,147,106.49
Drama,Tamil,Prime,70.9,8.0,151,169.04
Action,Telugu,Hotstar,141.74,8.8,112,148.56
Sci-Fi,English,Theatre,1.71,1.6,108,3.54
Action,English,Theatre,23.07,8.3,177,71.13
Action,English,Netflix,5.34,4.3,154,9.82
Action,English,Prime,117.58,7.2,173,256.49
Sci-Fi,English,Hotstar,45.08,8.0,90,114.98
Romance,Telugu,Theatre,31.83,9.8,150,105.47
Sci-Fi,Marathi,Netflix,79.44,5.5,90,169.95
Thriller,Marathi,Theatre,83.14,1.3,168,283.83
Drama,Marathi,Hotstar,85.52,2.7,96,254.73
Action,Tamil,Netflix,95.41,9.7,133,234.47
Drama,Telugu,Netflix,5.3,2.3,131,13.69
Action,Tamil,Theatre,127.07,9.8,91,398.76
Sci-Fi,Marathi,Prime,33.27,7.9,137,30.28
Comedy,Tamil,Hotstar,136.07,7.6,95,331.15
Romance,Marathi,Netflix,129.23,7.6,134,437.02
Action,Hindi,Prime,134.5,1.0,165,423.88
Sci-Fi,Tamil,Theatre,124.03,1.7,112,274.69
Comedy,English,Theatre,87.37,1.5,163,223.5
Drama,English,Prime,17.2,7.5,171,54.86
Romance,Telugu,Hotstar,48.39,2.5,152,146.67
Romance,Hindi,Hotstar,72.44,3.2,137,228.83
Thriller,Marathi,Theatre,11.28,8.4,133,29.28
Drama,English,Prime,130.76,5.3,95,325.28
Sci-Fi,Marathi,Theatre,81.1,1.0,127,68.46
Sci-Fi,English,Prime,47.64,7.9,116,124.89
Romance,Telugu,Prime,42.23,7.9,123,77.28
Drama,Marathi,Prime,20.18,8.1,106,43.02
Thriller,English,Prime,106.83,5.1,139,272.03
Sci-Fi,Telugu,Theatre,29.77,5.9,160,27.86
Comedy,Tamil,Theatre,61.67,4.2,168,131.67
Romance,Telugu,Netflix,117.2,3.3,114,356.16
Comedy,Telugu,Theatre,102.41,3.6,156,92.98
Thriller,Tamil,Prime,77.87,9.4,159,260.79
Action,Hindi,Theatre,9.84,9.5,170,25.99
Sci-Fi,Hindi,Hotstar,73.36,1.5,128,168.97
Romance,Marathi,Theatre,139.81,9.5,148,376.37
Thriller,Tamil,Hotstar,112.17,6.7,98,159.87
Drama,Telugu,Theatre,126.07,7.4,119,385.1
Romance,Telugu,Netflix,46.07,6.5,119,44.62
Thriller,English,Prime,74.89,2.6,125,174.49
Action,Telugu,Theatre,136.67,5.8,101,428.51
Thriller,Tamil,Prime,95.06,4.0,166,266.86
Drama,Telugu,Theatre,12.05,5.4,125,18.87
Romance,Hindi,Theatre,114.47,9.2,140,392.17
Action,Tamil,Prime,33.15,8.7,103,67.47
Drama,Marathi,Hotstar,59.86,2.9,163,106.71
Sci-Fi,Hindi,Theatre,97.17,1.8,92,185.1
Sci-Fi,Marathi,Prime,44.47,3.9,147,41.19
Romance,Hindi,Hotstar,71.65,9.0,129,243.87
Thriller,English,Hotstar,139.35,8.9,105,216.35
Sci-Fi,Hindi,Hotstar,128.69,4.2,139,241.45
Action,Marathi,Prime,130.28,5.1,141,378.6
Action,Hindi,Prime,105.58,8.9,109,225.51
Drama,English,Netflix,115.65,8.1,108,172.52
Thriller,Marathi,Prime,102.76,7.1,103,89.8
Romance,Tamil,Hotstar,92.8,5.4,112,305.71
Sci-Fi,Tamil,Hotstar,25.39,2.0,97,26.04
Action,Marathi,Hotstar,7.39,7.5,175,17.49
Thriller,Marathi,Hotstar,49.22,1.0,102,125.49
Sci-Fi,Tamil,Theatre,9.54,3.9,154,25.5
Sci-Fi,Tamil,Netflix,99.19,4.5,177,272.93
Thriller,Marathi,Theatre,26.28,1.4,138,65.97
Comedy,Marathi,Hotstar,143.82,9.1,156,458.65
Sci-Fi,English,Theatre,61.07,6.2,134,61.8
Action,Marathi,Prime,111.52,2.3,104,209.07
Drama,Tamil,Prime,145.28,2.6,92,353.04
Romance,Tamil,Netflix,76.12,2.6,167,251.8
Sci-Fi,Tamil,Theatre,147.35,7.8,152,332.88
Thriller,Marathi,Theatre,49.28,3.3,132,130.11
Sci-Fi,Tamil,Netflix,56.83,1.2,150,160.96
Drama,Hindi,Netflix,111.66,3.6,125,156.51
Romance,Tamil,Theatre,107.1,9.9,166,110.94
Thriller,Hindi,Theatre,145.94,7.7,161,332.31
Sci-Fi,Marathi,Netflix,36.99,9.6,180,67.84
Thriller,Telugu,Prime,10.49,1.3,104,16.88
Sci-Fi,Tamil,Prime,4.9,4.4,106,6.81
Action,Tamil,Prime,101.71,2.7,127,124.84
Comedy,Marathi,Netflix,92.3,8.1,136,118.85
Action,Hindi,Hotstar,39.67,2.5,176,104.82
Sci-Fi,English,Hotstar,125.68,2.1,174,166.16
Thriller,Hindi,Theatre,62.42,4.2,111,202.95
Thriller,Hindi,Prime,24.88,5.3,121,71.98
Romance,Hindi,Netflix,141.63,9.9,118,313.6
Drama,Tamil,Theatre,36.16,6.8,114,79.05
Action,English,Theatre,97.7,1.5,169,205.54
Action,Telugu,Netflix,44.96,1.2,92,50.68
Drama,Marathi,Netflix,110.2,1.5,168,249.81
Action,Marathi,Prime,40.28,3.5,179,130.77
Action,English,Netflix,127.0,3.5,136,280.35
Romance,Telugu,Hotstar,4.66,8.9,177,8.06
Romance,Marathi,Hotstar,87.82,7.8,132,213.13
Thriller,Tamil,Hotstar,138.08,6.5,167,284.27
Comedy,Tamil,Theatre,64.54,1.7,130,218.79
Drama,English,Netflix,101.1,7.0,144,190.09
Thriller,Telugu,Hotstar,123.33,1.5,176,166.78
Thriller,Telugu,Netflix,88.85,9.6,157,153.27
Thriller,Telugu,Hotstar,121.67,5.2,132,257.07
Comedy,Tamil,Netflix,90.01,9.3,90,249.33
Drama,English,Prime,47.92,9.2,162,56.65
Comedy,English,Hotstar,136.15,3.3,179,315.17
Romance,Marathi,Theatre,46.5,2.3,145,122.58
Thriller,Tamil,Hotstar,69.35,2.3,160,91.76
Action,Tamil,Theatre,12.31,7.6,154,13.4
Drama,English,Hotstar,65.28,7.4,169,182.22
Romance,Hindi,Prime,1.85,5.4,104,3.02
Drama,English,Netflix,9.87,2.5,158,32.37
Action,Tamil,Prime,100.55,7.4,174,304.29
Romance,Hindi,Hotstar,100.52,4.5,118,314.86
Thriller,Telugu,Netflix,51.53,5.9,118,76.39
Comedy,Telugu,Prime,94.4,3.5,122,129.85
Romance,English,Theatre,125.68,6.5,130,193.55
Romance,Tamil,Theatre,102.48,3.1,167,326.19
Comedy,Telugu,Theatre,34.54,2.5,174,41.07
Comedy,Telugu,Hotstar,132.74,9.4,92,150.04
Comedy,Marathi,Theatre,51.3,7.6,172,170.67
Sci-Fi,Tamil,Netflix,128.17,2.6,179,126.88
Drama,Hindi,Prime,110.61,9.1,151,301.21
Comedy,Telugu,Hotstar,11.9,5.2,123,40.77
Romance,Hindi,Hotstar,78.08,8.2,107,145.48
Action,English,Theatre,33.12,2.2,162,55.97
Action,Telugu,Prime,110.52,9.5,129,384.21
Romance,English,Netflix,19.47,1.3,90,59.82
Thriller,Hindi,Netflix,121.49,5.9,91,336.19
Drama,Marathi,Hotstar,103.24,8.7,146,84.62
Thriller,Hindi,Netflix,88.25,8.7,134,70.97
Sci-Fi,Hindi,Prime,7.82,3.9,125,6.69
Thriller,Telugu,Prime,79.83,5.8,116,217.83
Drama,Hindi,Prime,88.59,1.0,169,126.94
Thriller,Telugu,Netflix,135.76,3.6,137,384.15
Thriller,Hindi,Netflix,98.72,7.7,155,338.49
Thriller,Telugu,Netflix,51.71,8.5,114,117.56
Action,Marathi,Hotstar,13.83,8.2,115,14.0
Action,Marathi,Netflix,136.31,4.9,156,217.51
Comedy,English,Prime,126.51,3.5,129,157.01
Thriller,Marathi,Prime,16.03,7.7,111,52.53
Sci-Fi,Hindi,Theatre,72.1,2.4,155,97.69
Drama,English,Prime,118.53,2.1,104,375.01
Action,English,Prime,66.25,2.4,122,148.57
Drama,Marathi,Hotstar,35.65,8.9,171,93.83
Drama,Tamil,Prime,72.59,4.8,99,190.91
Romance,Hindi,Hotstar,147.92,6.4,125,293.59
Thriller,Marathi,Netflix,38.44,1.9,149,103.22
Romance,Marathi,Hotstar,68.37,5.5,146,148.08
Sci-Fi,Hindi,Netflix,14.23,2.7,141,23.89
Drama,Telugu,Netflix,118.36,7.3,98,151.55
Comedy,Hindi,Prime,132.29,2.7,173,280.03
Comedy,Marathi,Prime,142.12,8.1,176,424.8
Comedy,Tamil,Prime,92.01,8.0,166,75.56
Romance,Tamil,Netflix,18.32,5.3,102,29.02
Thriller,Telugu,Hotstar,119.02,5.6,158,158.49
Action,Telugu,Theatre,142.21,3.6,123,491.64
Romance,Telugu,Theatre,145.75,3.5,118,137.77
Comedy,Telugu,Netflix,116.43,4.6,106,326.25
Action,Tamil,Hotstar,68.45,7.7,115,239.15
Drama,Hindi,Netflix,62.04,8.0,163,204.36
Romance,Hindi,Netflix,11.76,4.7,113,36.13
Comedy,Hindi,Prime,101.45,1.1,119,255.21
Sci-Fi,Tamil,Netflix,72.27,9.1,144,227.28
Comedy,Tamil,Prime,95.2,9.6,170,198.3
Drama,Telugu,Hotstar,40.61,7.5,129,141.52
Comedy,Telugu,Prime,15.92,5.3,109,40.66
Sci-Fi,Marathi,Theatre,93.99,3.0,104,160.09
Thriller,Telugu,Theatre,51.23,3.9,107,116.37
Romance,Tamil,Prime,64.16,2.6,153,78.25
Romance,English,Prime,31.26,1.4,161,99.08
Drama,Marathi,Netflix,141.59,6.5,147,284.06
Sci-Fi,English,Theatre,103.65,8.0,109,315.1
Comedy,Telugu,Netflix,97.55,2.4,134,299.33
Sci-Fi,English,Theatre,146.01,8.1,114,118.3
Sci-Fi,Telugu,Netflix,17.33,2.5,147,58.59
Sci-Fi,Hindi,Hotstar,63.98,4.9,173,118.8
Thriller,English,Hotstar,134.95,6.3,175,322.74
Thriller,English,Prime,106.35,8.3,163,296.5
Romance,Telugu,Hotstar,14.75,5.3,174,29.19
Sci-Fi,English,Netflix,116.27,6.2,105,175.86
Action,Telugu,Prime,87.99,6.5,173,231.91
Romance,English,Hotstar,56.97,5.8,109,119.29
Action,Tamil,Hotstar,122.65,1.7,132,210.1
Thriller,Marathi,Netflix,89.16,5.8,136,272.23
Romance,Tamil,Prime,65.11,2.4,126,58.02
Thriller,Hindi,Hotstar,97.15,6.2,151,193.86
Drama,Hindi,Theatre,62.52,6.6,126,67.32
Drama,Marathi,Hotstar,148.54,4.9,151,307.08
Action,Marathi,Theatre,59.09,9.0,168,159.49
Sci-Fi,Telugu,Netflix,65.6,2.4,166,66.96
Action,Hindi,Netflix,40.44,3.5,155,67.08
Action,Marathi,Netflix,1.28,1.5,107,3.09
Romance,Telugu,Prime,56.31,6.8,129,192.16
Thriller,English,Netflix,68.79,1.4,163,229.95
Thriller,Telugu,Prime,69.13,7.7,169,67.88
Sci-Fi,Tamil,Theatre,55.58,1.8,168,83.37
Comedy,Hindi,Prime,60.76,1.9,98,101.19
Action,Telugu,Prime,37.05,4.4,139,54.29
Action,Hindi,Hotstar,27.79,9.2,96,22.84
Drama,Telugu,Netflix,48.12,6.6,139,153.92
Thriller,Hindi,Hotstar,142.63,2.3,112,174.24
Drama,Telugu,Hotstar,24.68,1.3,141,40.32
Romance,Telugu,Prime,10.5,8.5,107,10.39
Sci-Fi,Telugu,Netflix,43.46,4.2,114,48.87
Thriller,Telugu,Hotstar,105.26,8.2,90,287.66
Thriller,Marathi,Netflix,7.85,6.6,175,16.8
Action,Hindi,Netflix,26.93,7.4,123,58.8
Action,Telugu,Theatre,66.89,4.9,108,164.78
Sci-Fi,Telugu,Prime,20.32,2.7,124,57.21
Romance,Tamil,Netflix,107.59,5.5,156,225.22
Drama,English,Theatre,24.24,6.5,114,28.11
Thriller,Marathi,Theatre,111.08,5.3,124,260.83
Comedy,Marathi,Hotstar,37.43,4.0,112,126.39
Action,English,Theatre,100.0,9.2,101,115.28
Drama,Tamil,Hotstar,101.09,8.4,132,318.07
Comedy,Hindi,Prime,55.4,6.8,128,148.08
Comedy,Telugu,Hotstar,30.77,6.8,108,105.99
Action,Telugu,Theatre,71.22,10.0,143,236.41
Thriller,Telugu,Netflix,3.03,5.9,174,7.37
Action,Hindi,Hotstar,23.9,5.3,167,54.02
Romance,Marathi,Theatre,69.86,1.2,109,151.45
Comedy,Hindi,Netflix,68.52,4.9,134,226.88
Action,Hindi,Netflix,110.74,9.4,100,384.22
Action,English,Theatre,81.42,6.6,97,192.29
Drama,Marathi,Prime,142.55,3.8,132,299.53
Sci-Fi,English,Hotstar,127.44,8.0,151,407.07
Sci-Fi,Hindi,Netflix,141.34,5.2,167,216.58
Action,English,Hotstar,108.24,7.2,114,164.23
Action,Marathi,Hotstar,59.74,2.8,166,94.31
Action,Telugu,Hotstar,54.98,1.4,160,96.04
Romance,Telugu,Hotstar,105.02,4.5,141,166.96
Sci-Fi,Tamil,Hotstar,70.43,6.3,143,109.14
Thriller,Marathi,Prime,74.38,2.0,141,200.07
Sci-Fi,Telugu,Netflix,80.08,5.1,130,190.5
Sci-Fi,Hindi,Prime,20.47,2.1,132,41.88
Romance,Telugu,Hotstar,138.73,1.2,163,378.59
Comedy,Tamil,Hotstar,43.32,6.3,108,56.93
Romance,Telugu,Netflix,39.43,3.4,163,73.22
Action,Tamil,Hotstar,114.82,4.9,158,123.3
Comedy,English,Prime,138.89,2.4,97,219.48
Sci-Fi,English,Hotstar,95.34,5.3,152,152.04
Romance,Telugu,Netflix,2.95,2.0,147,7.06
Drama,Tamil,Hotstar,4.75,8.9,173,15.79
Comedy,Hindi,Hotstar,87.57,7.5,102,101.67
Action,English,Prime,145.7,5.6,147,353.78
Comedy,English,Theatre,58.15,1.1,166,193.97
Comedy,Tamil,Theatre,59.78,6.2,125,192.31
Action,Marathi,Prime,45.23,5.0,150,43.08
Sci-Fi,English,Hotstar,139.38,6.7,155,321.1
Thriller,Tamil,Prime,82.91,6.5,114,208.62
Comedy,Telugu,Hotstar,89.63,6.5,127,245.59
Action,Marathi,Prime,114.18,2.9,107,301.05
Thriller,Hindi,Prime,34.49,4.2,154,105.5
Sci-Fi,Telugu,Netflix,114.49,9.1,105,164.45
Drama,Tamil,Prime,73.92,1.4,157,243.3
Comedy,Hindi,Prime,129.6,9.4,162,422.62
Thriller,Telugu,Prime,16.15,1.6,120,20.02
Comedy,Marathi,Hotstar,32.11,3.3,118,41.17
Comedy,Marathi,Hotstar,96.82,6.3,166,95.7
Drama,English,Netflix,77.03,5.2,178,239.5
Thriller,Marathi,Theatre,136.16,3.8,127,191.45
Thriller,English,Hotstar,140.63,1.0,159,333.96
Action,English,Prime,50.39,2.3,154,173.18
Comedy,English,Hotstar,70.22,7.9,113,155.43
Action,Marathi,Netflix,136.11,1.3,173,148.36
Action,Hindi,Prime,4.96,8.6,117,10.7
Thriller,Marathi,Prime,94.33,2.6,106,94.72
Comedy,Marathi,Theatre,105.08,1.2,105,250.76
Drama,Telugu,Netflix,98.3,2.1,178,304.41
Comedy,Hindi,Netflix,7.49,9.5,94,12.55
Thriller,Telugu,Prime,78.55,3.5,123,211.33
Sci-Fi,English,Theatre,65.3,8.5,128,187.13
Romance,Tamil,Hotstar,126.15,8.1,147,253.87
Romance,Hindi,Hotstar,62.62,7.6,130,181.4
Thriller,Telugu,Prime,124.93,9.6,110,135.76
Sci-Fi,Hindi,Netflix,83.07,4.1,169,118.95
Comedy,Tamil,Hotstar,135.54,2.8,114,260.64
Drama,Marathi,Netflix,91.02,8.5,129,74.22
Thriller,Tamil,Theatre,28.75,5.5,118,80.5
Thriller,Telugu,Hotstar,18.66,9.4,151,41.09
Action,Marathi,Prime,10.45,3.1,93,18.46
Action,Marathi,Hotstar,101.65,8.3,97,134.44
Drama,English,Hotstar,3.13,3.6,158,5.74
Action,Tamil,Prime,149.02,6.0,154,324.87
Comedy,English,Netflix,88.84,2.1,133,271.62
Romance,English,Theatre,133.6,8.6,148,351.92
Sci-Fi,Telugu,Theatre,125.46,4.7,180,258.72
Thriller,Telugu,Netflix,42.68,9.9,167,88.48
Sci-Fi,Telugu,Prime,113.41,6.2,132,353.43
Sci-Fi,Tamil,Hotstar,73.74,6.6,136,85.07
Action,English,Netflix,56.58,6.0,175,157.32
Comedy,Telugu,Netflix,39.95,7.6,128,35.39
Thriller,Tamil,Hotstar,142.28,1.4,119,300.47
Action,Telugu,Prime,118.67,8.3,126,381.34
Romance,English,Theatre,87.48,8.3,112,97.45
Comedy,Telugu,Netflix,142.82,8.9,166,166.22
Drama,Telugu,Netflix,106.73,8.0,96,189.3
Thriller,Hindi,Hotstar,12.71,5.8,96,18.19
Thriller,Marathi,Theatre,46.42,8.6,141,118.75
Drama,English,Theatre,112.0,9.5,92,93.91
Romance,Telugu,Prime,140.98,6.5,150,159.41
Sci-Fi,Hindi,Theatre,78.32,6.1,115,268.9
Action,Marathi,Netflix,72.92,2.1,172,116.73
Sci-Fi,Marathi,Theatre,132.54,6.4,96,114.45
Drama,Tamil,Hotstar,80.98,2.1,163,206.84
Sci-Fi,Hindi,Prime,15.15,9.2,142,17.44
Comedy,English,Netflix,134.99,9.2,155,149.47
Sci-Fi,Marathi,Hotstar,20.49,7.6,172,69.31
Sci-Fi,Hindi,Hotstar,78.51,6.6,107,124.57
Action,Hindi,Prime,119.66,5.1,158,199.27
Comedy,Marathi,Prime,2.49,8.5,152,3.31
Thriller,Marathi,Theatre,134.75,7.4,135,361.83
Sci-Fi,English,Theatre,134.34,2.2,157,423.15
Thriller,Telugu,Netflix,49.62,6.2,150,147.02
Sci-Fi,Hindi,Theatre,54.49,7.7,103,132.21
Romance,Telugu,Prime,59.58,7.8,118,193.58
Drama,Telugu,Netflix,38.45,2.2,159,74.95
Drama,Hindi,Hotstar,111.55,2.9,115,264.81
Comedy,Telugu,Hotstar,24.05,4.1,132,75.36
Sci-Fi,Telugu,Hotstar,52.56,8.6,168,90.45
Thriller,English,Hotstar,10.87,5.0,118,15.7
Drama,Tamil,Netflix,92.96,6.7,158,296.02
Comedy,Tamil,Theatre,46.45,3.6,136,79.44
Romance,English,Theatre,148.79,1.1,148,251.78
Romance,Telugu,Theatre,117.86,6.3,167,204.37
Thriller,Hindi,Prime,113.9,5.0,119,390.67
Action,Telugu,Theatre,79.53,6.6,134,179.0
Romance,Marathi,Prime,54.29,4.6,119,55.77
Comedy,Hindi,Theatre,81.88,3.9,109,101.13
Comedy,Hindi,Prime,131.78,9.2,131,312.76
Romance,Telugu,Hotstar,85.32,8.1,139,76.28
Action,Tamil,Theatre,86.24,8.5,158,280.68
Action,Telugu,Theatre,22.3,5.6,172,27.57
Thriller,Telugu,Prime,122.78,6.7,176,155.09
Thriller,Telugu,Hotstar,144.21,6.1,132,130.19
Action,Telugu,Theatre,143.92,2.3,170,134.08
Comedy,English,Netflix,31.7,6.6,153,91.91
Romance,Telugu,Theatre,34.06,9.0,175,90.06
Thriller,Marathi,Prime,71.9,7.2,147,145.6
Sci-Fi,Tamil,Prime,133.57,2.5,137,360.06
Thriller,Hindi,Theatre,34.7,6.9,132,54.68
Action,Marathi,Hotstar,140.17,9.2,131,415.03
Action,Tamil,Netflix,56.27,5.4,110,66.01
Romance,Tamil,Theatre,71.05,8.5,98,112.25
Comedy,English,Hotstar,57.88,3.1,167,105.03
Sci-Fi,English,Prime,86.71,1.9,177,213.81
Romance,Telugu,Hotstar,57.22,5.5,142,88.97
Action,Tamil,Hotstar,28.88,3.0,148,92.78
Action,English,Hotstar,25.48,3.1,96,67.1
Romance,Telugu,Netflix,120.02,3.4,163,123.97
Action,Marathi,Netflix,144.29,2.5,169,387.77
Romance,English,Prime,75.75,5.4,175,160.32
Comedy,Telugu,Hotstar,84.07,3.0,118,210.12
Action,Tamil,Theatre,39.47,1.8,93,39.41
Sci-Fi,Hindi,Hotstar,6.91,3.0,170,7.22
Romance,Tamil,Netflix,26.6,7.6,167,61.52
Drama,Telugu,Theatre,128.72,2.9,133,304.42
Action,Marathi,Prime,81.59,3.5,162,171.52
Romance,English,Netflix,142.73,4.9,120,415.16
Drama,Hindi,Netflix,114.02,7.8,155,288.42
Action,Telugu,Hotstar,134.16,2.1,150,398.25
Thriller,Hindi,Netflix,141.36,8.2,95,176.6
Drama,English,Hotstar,113.37,3.6,132,336.17
Sci-Fi,Hindi,Hotstar,111.57,1.3,180,138.55
Thriller,Marathi,Theatre,30.83,4.4,169,96.31
Sci-Fi,English,Hotstar,27.03,5.2,146,69.92
Drama,Telugu,Netflix,116.94,9.8,174,134.91
Action,Marathi,Netflix,90.59,7.9,102,76.7
Romance,English,Hotstar,8.06,3.0,159,24.85
Sci-Fi,Telugu,Hotstar,144.1,1.1,128,119.9
Romance,Telugu,Theatre,10.27,8.1,137,9.0
Action,English,Prime,122.2,1.5,175,170.78
Action,Telugu,Hotstar,38.33,6.4,102,114.7
Action,English,Theatre,79.44,2.8,110,225.4
Romance,English,Hotstar,41.31,9.3,114,43.96
Romance,Tamil,Theatre,141.12,2.2,126,349.41
Romance,Telugu,Netflix,109.79,1.3,114,356.03
Action,Telugu,Theatre,112.2,2.4,120,158.89
Action,English,Netflix,86.52,3.8,174,118.66
Action,Tamil,Theatre,138.37,5.7,172,300.38
Sci-Fi,English,Netflix,126.4,4.1,175,429.84
Action,English,Prime,139.71,4.4,105,282.37
Romance,Marathi,Hotstar,85.93,2.5,169,150.82
Sci-Fi,Telugu,Theatre,116.02,5.9,140,281.14
Thriller,Marathi,Theatre,80.1,9.0,121,68.05
Action,Telugu,Prime,2.72,7.1,138,2.41
Sci-Fi,English,Hotstar,136.67,5.0,122,116.04
Sci-Fi,Telugu,Theatre,96.49,7.2,147,195.46
Romance,Tamil,Theatre,118.78,5.0,113,341.16
Romance,Tamil,Prime,96.3,4.8,165,309.92
Thriller,Hindi,Netflix,102.5,2.7,102,250.57
Action,Tamil,Theatre,109.7,3.4,164,374.26
Drama,Telugu,Theatre,13.01,2.4,163,44.65
Drama,Hindi,Theatre,92.95,4.5,130,206.76
Action,English,Prime,43.87,6.8,163,151.45
Sci-Fi,Telugu,Hotstar,97.12,9.2,143,314.28
Thriller,Hindi,Netflix,77.86,5.6,177,254.56
Romance,Marathi,Netflix,76.47,8.0,176,159.87
Action,Telugu,Theatre,66.58,4.2,119,114.77
Drama,Telugu,Hotstar,30.7,5.1,155,79.13
Romance,Hindi,Netflix,108.19,2.0,127,129.1
Thriller,Tamil,Netflix,14.06,5.9,100,43.68
Sci-Fi,Tamil,Theatre,92.3,4.6,90,84.35
Thriller,Hindi,Hotstar,70.82,8.6,167,121.3
Romance,English,Netflix,54.32,4.3,143,172.47
Drama,English,Prime,88.48,1.6,128,97.36
Sci-Fi,Telugu,Netflix,31.19,6.3,115,36.45
Drama,English,Prime,84.48,7.4,111,251.51
Comedy,Telugu,Hotstar,30.11,9.7,119,44.98
Action,Telugu,Theatre,73.7,1.4,108,160.65
Romance,Telugu,Netflix,57.9,7.0,155,162.81
Sci-Fi,Tamil,Theatre,71.47,9.1,133,202.18
Comedy,Tamil,Theatre,68.97,8.6,168,148.91
Action,English,Prime,128.04,1.3,105,429.33
Romance,Marathi,Prime,37.72,6.7,92,115.78
Drama,Marathi,Hotstar,63.81,1.0,170,116.98
Comedy,Marathi,Prime,61.34,7.3,160,70.34
Thriller,Tamil,Netflix,131.69,7.9,110,213.92
Romance,Tamil,Prime,114.66,2.9,130,141.37
Action,Marathi,Prime,112.36,4.0,117,350.53
Drama,Marathi,Hotstar,66.32,2.2,114,198.62
Comedy,English,Netflix,75.74,9.8,180,251.46
Romance,Hindi,Hotstar,95.37,7.5,178,158.53
Sci-Fi,English,Theatre,6.59,1.2,116,10.18
Sci-Fi,English,Hotstar,121.66,2.0,166,263.66
Sci-Fi,Hindi,Theatre,59.41,7.8,133,151.06
Action,Tamil,Theatre,54.97,9.3,127,135.56
Sci-Fi,Telugu,Hotstar,135.05,3.0,93,293.12
Drama,Telugu,Prime,149.28,3.0,166,135.73
Sci-Fi,Marathi,Netflix,101.04,3.4,172,135.73
Action,Telugu,Theatre,112.47,4.5,107,383.03
Thriller,English,Netflix,123.07,8.1,93,203.1
Comedy,English,Theatre,109.01,8.6,174,309.44
Drama,Tamil,Prime,112.65,7.6,132,363.33
Drama,English,Hotstar,107.43,7.9,131,179.77
Action,Telugu,Hotstar,54.93,4.9,158,180.84
Sci-Fi,Hindi,Theatre,147.49,8.3,154,326.91
Comedy,Telugu,Hotstar,55.31,1.3,125,178.69
Romance,English,Theatre,114.81,4.5,121,175.17
Drama,Marathi,Hotstar,106.82,3.4,102,352.02
Drama,Hindi,Prime,43.77,7.6,122,135.02
Drama,English,Prime,128.24,6.7,106,401.81
Action,Marathi,Hotstar,126.28,2.9,104,158.92
Action,English,Netflix,91.75,4.7,158,247.29
Drama,Marathi,Prime,146.19,4.2,153,393.04
Drama,Marathi,Netflix,20.19,2.7,171,28.17
Thriller,Hindi,Netflix,118.79,6.1,126,129.49
Romance,Tamil,Prime,64.36,2.8,169,151.49
Romance,Telugu,Prime,10.0,3.3,113,9.09
Comedy,Tamil,Prime,133.03,4.8,175,284.19
Thriller,Hindi,Hotstar,30.01,1.6,94,29.17
Comedy,Marathi,Netflix,90.01,8.5,164,168.91
Sci-Fi,Telugu,Netflix,10.03,9.9,170,12.67
Sci-Fi,English,Netflix,97.17,9.8,106,206.04
Sci-Fi,Telugu,Hotstar,33.17,4.5,136,70.53
Sci-Fi,Tamil,Theatre,94.02,2.7,135,146.37
Comedy,Telugu,Hotstar,71.2,4.1,131,127.83
Thriller,Tamil,Netflix,10.4,8.4,111,31.54
Action,Tamil,Hotstar,37.65,9.2,136,130.55
Romance,Hindi,Theatre,76.03,6.0,129,206.1
Romance,Telugu,Netflix,107.6,9.0,102,225.55
Thriller,Hindi,Prime,23.68,9.4,159,32.74
Romance,Telugu,Prime,90.72,9.0,115,293.51
Action,Hindi,Prime,146.62,4.9,117,444.86
Action,Hindi,Theatre,81.14,8.1,129,86.77
Comedy,Hindi,Netflix,23.72,9.8,160,78.07
Drama,Tamil,Theatre,15.41,5.7,111,36.82
Romance,Tamil,Prime,4.42,7.1,99,5.11
Action,Telugu,Netflix,139.08,8.5,161,157.33
Drama,Tamil,Netflix,94.53,1.6,119,100.66
Drama,Telugu,Netflix,124.45,5.1,141,222.3
Romance,Tamil,Hotstar,36.82,7.2,96,71.29
Romance,Telugu,Prime,27.03,9.3,97,45.56
Drama,Marathi,Theatre,123.68,3.1,179,147.23
Comedy,Tamil,Netflix,132.13,1.7,149,269.24
Comedy,Telugu,Netflix,50.33,1.3,130,40.75
Comedy,Telugu,Hotstar,79.2,2.0,160,166.18
Action,Hindi,Hotstar,58.7,1.3,167,163.77
Romance,Hindi,Prime,9.94,4.2,101,29.38
Thriller,English,Theatre,127.92,1.9,132,292.59
Comedy,Marathi,Netflix,118.64,8.7,131,265.06
Comedy,Marathi,Hotstar,101.81,9.0,118,127.98
Comedy,Telugu,Prime,17.1,8.3,141,41.27
Sci-Fi,Hindi,Hotstar,120.35,5.5,114,364.08
Action,Marathi,Netflix,101.77,6.5,105,317.33
Thriller,English,Netflix,17.32,3.5,98,41.93
Action,Telugu,Netflix,50.81,4.5,102,136.18
Comedy,Telugu,Hotstar,48.48,6.1,160,162.99
Comedy,Tamil,Netflix,101.7,9.4,139,339.71
Comedy,Marathi,Prime,96.59,3.6,144,266.47
Thriller,Tamil,Hotstar,50.8,3.6,101,104.22
Action,English,Hotstar,119.45,4.9,159,225.41
Romance,Marathi,Prime,84.04,8.3,153,107.07
Sci-Fi,English,Theatre,142.85,3.7,146,135.5
Romance,Marathi,Theatre,124.3,5.3,118,281.78
Romance,English,Netflix,3.16,5.2,177,3.84
Romance,Marathi,Theatre,59.83,9.4,144,165.19
Action,Hindi,Theatre,91.63,9.0,171,120.18
Action,English,Hotstar,66.09,1.4,170,209.28
Sci-Fi,Marathi,Prime,149.07,5.8,99,231.08
Comedy,English,Theatre,59.01,7.4,147,172.18
Comedy,Marathi,Hotstar,85.71,2.1,177,205.37
Action,English,Netflix,5.43,9.7,126,8.24
Thriller,Marathi,Prime,84.19,2.9,130,154.44
Thriller,English,Hotstar,110.87,4.2,129,93.49
Drama,English,Theatre,100.22,2.4,157,210.6
Romance,English,Hotstar,8.79,7.5,167,19.54
Thriller,Telugu,Hotstar,110.36,8.9,167,125.97
Comedy,Tamil,Prime,36.89,10.0,170,106.47
Sci-Fi,English,Hotstar,65.92,9.3,101,54.35
Comedy,Marathi,Theatre,50.6,8.3,123,153.01
Comedy,Tamil,Prime,95.66,3.5,123,311.31
Sci-Fi,Hindi,Hotstar,126.39,3.1,178,112.42
Sci-Fi,English,Hotstar,116.35,7.4,155,340.87
Comedy,English,Hotstar,96.34,3.5,166,272.8
Drama,Telugu,Theatre,138.66,4.1,110,279.72
Action,Telugu,Prime,12.48,9.5,102,27.91
Sci-Fi,Telugu,Theatre,116.12,8.7,127,107.98
Action,English,Netflix,132.77,9.3,91,212.25
Sci-Fi,Telugu,Netflix,28.31,1.5,136,64.38
Romance,Marathi,Theatre,16.1,4.4,124,25.8
Thriller,Hindi,Netflix,8.1,2.3,96,26.95
Comedy,Tamil,Prime,115.96,3.4,155,331.04
Romance,Tamil,Hotstar,73.85,6.4,126,211.93
Sci-Fi,Tamil,Theatre,13.14,2.9,152,37.38
Sci-Fi,Hindi,Prime,122.83,8.8,99,333.94
Thriller,Telugu,Prime,49.1,8.8,153,54.63
Action,Hindi,Theatre,56.94,9.9,158,100.77
Drama,Hindi,Theatre,69.01,8.5,162,177.43
Comedy,Marathi,Hotstar,41.42,8.1,165,56.59
Comedy,Telugu,Hotstar,13.88,3.4,173,31.4
Thriller,Tamil,Theatre,100.78,3.6,107,302.21
Action,Hindi,Theatre,16.66,2.4,93,42.5
Thriller,Hindi,Theatre,46.48,9.4,121,133.33
Romance,Hindi,Theatre,27.36,8.6,123,71.43
Drama,Marathi,Prime,141.09,4.0,127,339.92
Action,Hindi,Theatre,68.18,3.1,114,152.76
Action,English,Prime,112.27,9.1,178,375.23
Action,Hindi,Netflix,15.39,8.2,159,30.05
Sci-Fi,Tamil,Theatre,138.85,1.3,117,176.31
Romance,Marathi,Hotstar,106.81,9.8,147,335.56
Drama,English,Theatre,58.86,4.4,180,139.87
Thriller,Marathi,Netflix,87.79,2.1,173,218.6
Thriller,English,Netflix,85.06,1.8,166,98.55
Action,Hindi,Prime,144.07,9.8,132,469.73
Sci-Fi,Telugu,Prime,130.99,9.6,155,445.67
Drama,Telugu,Prime,52.07,3.3,112,154.35
Comedy,Tamil,Netflix,113.36,7.3,180,252.26
Sci-Fi,Marathi,Theatre,33.94,3.7,147,99.12
Drama,Telugu,Prime,62.6,8.0,119,87.27
Romance,Tamil,Prime,17.63,2.6,97,22.28
Romance,English,Netflix,146.04,7.5,179,404.76
Comedy,Marathi,Hotstar,22.26,9.7,130,55.72
Comedy,English,Prime,40.27,7.7,178,133.62
Sci-Fi,Telugu,Prime,107.48,2.0,129,301.17
Romance,Marathi,Netflix,137.23,4.6,157,159.31
Romance,Hindi,Netflix,7.87,5.6,105,25.95
Action,Telugu,Hotstar,117.33,7.9,171,222.81
Thriller,Hindi,Netflix,6.91,5.2,127,11.27
Action,Marathi,Theatre,131.41,8.1,175,263.0
Sci-Fi,Marathi,Netflix,28.7,8.7,117,74.47
Thriller,Marathi,Theatre,107.94,4.4,113,264.4
Romance,English,Netflix,115.11,6.8,166,297.01
Sci-Fi,Hindi,Prime,70.6,3.9,164,195.02
Sci-Fi,Hindi,Prime,78.56,4.1,167,158.56
Thriller,Telugu,Netflix,66.3,5.0,144,180.54
Action,Hindi,Prime,120.95,4.9,141,304.84
Romance,Hindi,Hotstar,38.1,9.2,160,65.16
Romance,Marathi,Theatre,112.49,3.9,121,362.51
Romance,Telugu,Prime,98.3,3.9,100,288.45
Romance,Telugu,Hotstar,124.96,2.0,160,121.53
Sci-Fi,Hindi,Prime,31.38,2.0,143,79.56
Sci-Fi,English,Theatre,149.76,4.2,133,332.01
Sci-Fi,English,Prime,11.53,3.5,160,19.82
Comedy,English,Netflix,100.26,1.7,143,235.43
Drama,English,Netflix,93.95,8.9,146,179.49
Action,English,Prime,83.15,6.6,154,103.3
Sci-Fi,English,Hotstar,97.36,3.9,140,194.91
Sci-Fi,Tamil,Theatre,104.55,4.6,97,192.66
Romance,English,Hotstar,33.7,6.0,142,97.62
Drama,Marathi,Netflix,147.64,6.4,135,505.31
Thriller,English,Hotstar,68.67,6.1,136,111.56
Drama,Marathi,Hotstar,37.96,5.3,156,82.1
Action,Tamil,Theatre,133.76,2.3,126,257.27
Thriller,Telugu,Netflix,44.32,5.3,146,71.38
Romance,Hindi,Theatre,101.16,2.2,128,189.01
Drama,English,Prime,106.85,1.8,129,262.92
Romance,Tamil,Netflix,121.08,4.5,145,416.54
Drama,Telugu,Theatre,148.56,5.4,112,463.11
Action,English,Netflix,8.84,9.5,163,10.51
Drama,Tamil,Netflix,40.47,4.5,110,120.82
Sci-Fi,Marathi,Netflix,53.81,8.9,97,132.67
Comedy,Marathi,Netflix,15.12,3.2,160,27.4
Drama,Hindi,Theatre,147.02,7.1,92,146.11
Sci-Fi,Marathi,Hotstar,140.69,1.5,178,229.08
Comedy,Marathi,Netflix,18.33,4.0,122,33.16
Thriller,Telugu,Hotstar,97.36,8.5,144,332.62
Sci-Fi,Marathi,Prime,108.65,5.7,92,323.94
Sci-Fi,Telugu,Theatre,2.38,6.7,143,3.65
Sci-Fi,Telugu,Hotstar,74.95,1.1,151,188.0
Thriller,Marathi,Prime,131.8,2.3,104,333.63
Thriller,Marathi,Theatre,79.16,3.9,104,180.72
Action,Marathi,Prime,101.95,9.9,139,164.19
Comedy,Tamil,Theatre,1.54,9.9,146,3.84
Drama,English,Prime,93.45,1.7,164,188.42
Action,Telugu,Netflix,99.34,1.9,171,307.18
Drama,Telugu,Netflix,107.52,7.9,125,178.31
Sci-Fi,Telugu,Theatre,149.38,3.2,118,380.12
Comedy,Telugu,Netflix,51.79,4.6,151,180.77
Romance,English,Prime,49.07,8.6,90,50.78
Romance,Telugu,Prime,99.08,7.0,155,328.14
Action,Hindi,Netflix,112.62,3.7,151,109.39
Sci-Fi,Hindi,Hotstar,113.0,9.7,140,147.55
Action,Marathi,Prime,138.4,5.7,108,299.6
Thriller,Telugu,Theatre,8.87,2.8,92,11.37
Sci-Fi,English,Theatre,98.4,2.7,176,212.74
Thriller,Marathi,Netflix,80.7,3.6,98,192.74
Action,Tamil,Netflix,4.63,9.9,119,3.96
Comedy,Marathi,Theatre,5.24,9.9,99,15.42
Drama,Marathi,Netflix,49.34,4.5,163,66.0
Sci-Fi,Tamil,Theatre,46.74,3.9,91,60.14
Sci-Fi,English,Netflix,123.39,7.3,155,224.89
Romance,English,Prime,88.08,4.4,108,99.8
Comedy,Hindi,Prime,38.7,9.0,125,77.07
Drama,Hindi,Netflix,147.58,6.5,163,341.32
Action,Hindi,Theatre,63.1,4.7,107,123.29
Sci-Fi,Tamil,Hotstar,110.84,5.6,119,106.32
Comedy,Tamil,Hotstar,123.33,3.7,168,281.93
Action,Tamil,Netflix,142.04,9.7,170,410.54
Comedy,Tamil,Hotstar,3.72,3.1,120,9.74
Sci-Fi,English,Theatre,19.57,7.0,139,22.49
Action,Telugu,Netflix,35.04,7.3,177,103.37
Action,Telugu,Prime,71.51,3.1,153,148.44
Sci-Fi,Telugu,Prime,22.07,3.0,118,74.15
Drama,English,Theatre,46.26,4.3,141,56.99
Sci-Fi,Tamil,Netflix,34.86,4.8,98,52.84
Action,Telugu,Netflix,30.02,5.7,135,69.18
Drama,Hindi,Prime,142.45,1.2,113,186.98
Action,Telugu,Theatre,131.18,9.0,104,422.62
Sci-Fi,Marathi,Prime,123.24,8.1,157,334.92
Action,Marathi,Netflix,10.28,2.1,162,27.05
Sci-Fi,Marathi,Netflix,103.66,2.4,169,338.78
Drama,Hindi,Hotstar,38.14,6.7,96,55.05
Sci-Fi,Telugu,Theatre,56.22,3.9,161,94.86
Action,Telugu,Theatre,36.98,6.9,140,114.16
Action,Hindi,Theatre,32.01,8.2,172,60.39
Action,English,Theatre,47.44,5.7,172,155.58
Action,Telugu,Theatre,9.11,3.5,169,17.09
Thriller,Hindi,Prime,8.71,4.7,113,23.81
Sci-Fi,Telugu,Theatre,138.66,5.6,95,149.28
Action,Telugu,Prime,96.99,1.3,90,296.37
Romance,Marathi,Netflix,145.5,3.7,103,415.97
Drama,English,Netflix,61.5,5.9,123,103.85
Comedy,Telugu,Prime,63.61,4.4,145,205.28
Action,Telugu,Prime,95.83,1.2,155,295.12
Action,Tamil,Prime,38.69,5.6,109,94.3
Romance,Tamil,Netflix,113.37,9.1,160,278.62
Drama,Marathi,Prime,14.07,1.4,166,21.95
Drama,Tamil,Netflix,56.83,3.7,169,85.78
Sci-Fi,Telugu,Hotstar,43.03,9.2,179,147.31
Comedy,Hindi,Netflix,95.7,8.9,132,199.19
Comedy,English,Netflix,38.8,6.4,117,120.66
Action,Telugu,Hotstar,24.03,9.2,169,22.4
Romance,Tamil,Netflix,43.16,8.7,169,129.69
Drama,Marathi,Netflix,69.17,2.7,164,237.16
Sci-Fi,Tamil,Netflix,140.98,5.8,102,206.7
Romance,Marathi,Theatre,28.26,1.1,172,78.86
Romance,Marathi,Prime,12.1,8.1,98,28.54
Thriller,Telugu,Prime,11.37,8.6,98,37.0
Thriller,Tamil,Netflix,105.82,5.4,156,329.85
Drama,Telugu,Hotstar,90.29,4.4,156,91.46
Sci-Fi,Tamil,Prime,21.48,4.7,177,50.97
Drama,Hindi,Hotstar,81.9,5.8,133,188.14
Thriller,Telugu,Theatre,73.01,2.0,150,160.01
Thriller,Tamil,Netflix,36.83,3.9,144,84.48
Drama,Tamil,Prime,73.19,9.4,90,133.14
Comedy,Tamil,Prime,31.65,7.4,136,51.06
Drama,Telugu,Netflix,96.58,7.4,158,325.36
Thriller,Tamil,Hotstar,93.66,8.3,169,128.64
Action,Marathi,Hotstar,123.73,4.1,130,430.9
Thriller,Tamil,Prime,19.71,2.7,156,59.63
Romance,Tamil,Prime,54.45,1.1,151,109.6
Drama,Telugu,Netflix,1.7,3.7,168,3.92
Sci-Fi,Hindi,Theatre,28.57,7.7,133,53.44
Romance,Tamil,Prime,85.97,4.3,107,197.78
Comedy,Hindi,Theatre,96.3,9.1,114,227.77
Drama,Tamil,Prime,36.56,9.2,180,60.31
Drama,Tamil,Hotstar,93.33,7.2,114,87.91
Action,Hindi,Prime,111.73,7.5,147,380.93
Thriller,Tamil,Prime,66.21,9.0,161,132.07
Comedy,Marathi,Hotstar,15.87,8.4,113,19.05
Thriller,Telugu,Hotstar,60.01,6.5,130,90.93
Action,Telugu,Netflix,106.42,6.9,146,233.28
Thriller,Hindi,Prime,108.28,2.6,110,183.88
Sci-Fi,Marathi,Prime,56.51,7.4,124,112.14
Thriller,Tamil,Hotstar,123.97,8.7,114,207.45
Romance,Hindi,Hotstar,76.44,1.7,101,143.76
Drama,Telugu,Hotstar,137.25,2.4,119,478.95
Sci-Fi,Hindi,Hotstar,99.13,6.6,163,110.1
Action,English,Prime,115.84,7.4,128,325.69
Action,Hindi,Hotstar,91.78,9.7,167,171.05
Sci-Fi,Hindi,Theatre,67.13,5.0,161,152.29
Romance,Tamil,Netflix,87.09,7.6,175,182.16
Romance,English,Hotstar,27.3,7.9,136,66.84
Romance,Tamil,Theatre,39.17,9.8,172,51.8
Sci-Fi,Tamil,Hotstar,100.92,10.0,168,278.08
Sci-Fi,English,Prime,63.07,2.3,114,141.59
Thriller,Hindi,Theatre,61.8,9.8,127,162.37
Action,Telugu,Prime,105.92,2.2,138,336.71
Romance,Tamil,Hotstar,34.55,1.7,128,114.0
Thriller,Marathi,Netflix,118.64,9.2,90,342.37
Action,English,Theatre,140.04,5.0,130,241.18
Drama,Telugu,Prime,110.51,2.1,91,239.18
Comedy,Hindi,Theatre,149.41,2.4,137,177.85
Thriller,Tamil,Prime,147.05,5.7,91,281.64
Drama,Tamil,Netflix,86.13,8.2,120,236.94
Comedy,English,Hotstar,7.19,5.4,107,6.99
Comedy,Telugu,Netflix,108.86,8.7,142,276.35
Thriller,Telugu,Netflix,149.23,8.7,100,463.08
Thriller,Telugu,Prime,138.36,2.6,179,367.22
Thriller,Hindi,Hotstar,149.05,3.2,123,212.01
Sci-Fi,Hindi,Theatre,20.41,9.3,156,68.47
Comedy,English,Netflix,125.8,5.9,90,396.89
Romance,Hindi,Hotstar,13.75,1.1,141,30.38
Romance,Telugu,Prime,148.57,7.0,91,135.14
Thriller,English,Prime,91.14,9.4,169,100.38
Thriller,Marathi,Theatre,122.51,9.9,160,402.43
Action,English,Netflix,76.52,8.7,128,143.15
Romance,Tamil,Theatre,144.64,2.2,124,230.44
Romance,Marathi,Theatre,15.56,1.9,151,38.28
Thriller,Telugu,Prime,20.84,5.5,149,54.39
Sci-Fi,Telugu,Hotstar,72.69,8.8,176,134.13
Sci-Fi,English,Netflix,121.8,1.5,167,217.34
Action,Telugu,Hotstar,36.57,5.4,174,32.65
Drama,Telugu,Hotstar,111.71,4.3,171,372.13
Sci-Fi,Marathi,Prime,23.33,4.0,179,63.44
Comedy,Tamil,Netflix,134.99,6.7,169,433.94
Romance,Marathi,Prime,69.44,3.7,110,211.13
Thriller,Hindi,Prime,28.79,6.0,91,35.63
Thriller,Telugu,Theatre,57.87,6.2,129,198.18
Sci-Fi,English,Netflix,142.97,8.6,114,443.17
Romance,Hindi,Netflix,53.48,3.3,147,143.55
Sci-Fi,English,Netflix,96.67,5.0,178,293.62
Thriller,Tamil,Netflix,83.55,2.8,143,244.68
Drama,Marathi,Prime,12.66,6.7,98,27.5
Romance,English,Hotstar,64.64,3.6,179,91.73
Romance,Hindi,Netflix,64.91,3.0,142,96.98
Thriller,Hindi,Theatre,103.06,3.8,127,126.78
Drama,Marathi,Theatre,85.39,7.6,92,161.29
